county,origin,observed_change
ADAIR,2017,-17.035138496588438
ALLEN,2017,-19.2125526832131
ANDERSON,2017,-27.431963648800505
BALLARD,2017,-0.6826372694509222
BARREN,2017,-9.177257577787058
BATH,2017,-1.978625185791017
BELL,2017,36.03257630934251
BOONE,2017,-9.473804505167992
BOURBON,2017,7.536050376890303
BOYD,2017,22.46019517205958
BOYLE,2017,8.646014304731391
BRACKEN,2017,3.75155451153793
BREATHITT,2017,44.92584928435937
BRECKINRIDGE,2017,-11.103760382399448
BULLITT,2017,-32.93786582620441
BUTLER,2017,17.642531162727334
CALDWELL,2017,-5.67378610940381
CALLOWAY,2017,5.645619498085168
CAMPBELL,2017,-15.945676226840805
CARLISLE,2017,22.212122933590862
CARROLL,2017,-13.343678793116997
CARTER,2017,-10.2433933754389
CASEY,2017,5.297422136931891
CHRISTIAN,2017,-0.0899933734782872
CLARK,2017,-7.763285647359165
CLAY,2017,-13.019659121652088
CLINTON,2017,-13.844335640722608
CRITTENDEN,2017,-15.260911957251214
CUMBERLAND,2017,13.7664280109847
DAVIESS,2017,14.011992150897733
EDMONSON,2017,6.109892264888649
ELLIOTT,2017,-25.03818459524329
ESTILL,2017,-6.436669052013107
FAYETTE,2017,8.395274986041318
FLEMING,2017,-7.974644421247835
FLOYD,2017,-24.537796739962804
FRANKLIN,2017,-14.677877910095482
FULTON,2017,-5.891512574911642
GALLATIN,2017,-17.170101507228544
GARRARD,2017,-22.75841039314688
GRANT,2017,-12.443686712130605
GRAVES,2017,1.846396382050384
GRAYSON,2017,9.33207122438696
GREEN,2017,-7.122149764173584
GREENUP,2017,-1.986359876886364
HANCOCK,2017,1.1398399195407116
HARDIN,2017,-5.257503727390927
HARLAN,2017,51.64493183165383
HARRISON,2017,-2.0294091329376327
HART,2017,0.0512455012929181
HENDERSON,2017,0.0193751245543721
HENRY,2017,-3.762423095125414
HICKMAN,2017,-5.810557590695005
HOPKINS,2017,50.22134776192818
JACKSON,2017,3.4413520737204637
JEFFERSON,2017,-34.407911001236094
JESSAMINE,2017,-5.885206991961605
JOHNSON,2017,10.510292179760986
KENTON,2017,-21.56489069178623
KNOTT,2017,-24.23125196109193
KNOX,2017,-17.271835132482828
LARUE,2017,0.5753322883728516
LAUREL,2017,-11.07233644026223
LAWRENCE,2017,6.462824117463292
LEE,2017,17.53280421170183
LETCHER,2017,-12.644495820736262
LEWIS,2017,5.0588926646056365
LINCOLN,2017,-9.63558735428701
LIVINGSTON,2017,19.076265614727152
LOGAN,2017,-3.467856638763124
LYON,2017,7.775159878828678
MADISON,2017,-16.568330548593707
MAGOFFIN,2017,35.60336165159404
MARION,2017,3.225549098184094
MARSHALL,2017,5.295479238509141
MASON,2017,-25.488786114916778
MCCRACKEN,2017,-3.8223639702329177
MCCREARY,2017,-1.9922493313683751
MCLEAN,2017,-12.520300054133475
MEADE,2017,-10.397436442780778
MENIFEE,2017,-30.08314009388609
MERCER,2017,4.269821028099028
METCALFE,2017,-9.758299212143532
MONROE,2017,-6.946208173555115
MONTGOMERY,2017,-34.77914842817349
MORGAN,2017,-15.18647504435412
MUHLENBERG,2017,1.4969965966656733
NELSON,2017,-26.246874034111663
NICHOLAS,2017,-17.4420983493588
OHIO,2017,-12.063530322155058
OLDHAM,2017,8.632716109351623
OWEN,2017,-13.376451752268164
OWSLEY,2017,-25.59017293439473
PENDLETON,2017,-17.976175503530552
PERRY,2017,-17.141634050880626
PIKE,2017,-0.4158537837560324
POWELL,2017,-3.9931423673119504
PULASKI,2017,-11.152669460802516
ROBERTSON,2017,-41.41187050359712
ROCKCASTLE,2017,12.52694966916958
ROWAN,2017,-11.25742449134336
RUSSELL,2017,7.050873114559118
SCOTT,2017,-12.110027108572128
SHELBY,2017,-20.30815183571873
SIMPSON,2017,-1.2682205224419107
SPENCER,2017,-21.092497001226462
TAYLOR,2017,-19.827123375926124
TODD,2017,11.449631742213596
TRIGG,2017,-17.404970042235536
TRIMBLE,2017,-22.165448646026015
UNION,2017,12.598777166932129
WARREN,2017,-10.40206256340628
WASHINGTON,2017,-8.203209682314538
WAYNE,2017,18.763725684072483
WEBSTER,2017,13.349571149858278
WHITLEY,2017,5.437159859620569
WOLFE,2017,12.083901975909331
WOODFORD,2017,-7.612086638737855
