county,origin,risk_score
ADAIR,2017,0.5314293209091595
ALLEN,2017,0.584918196212911
ANDERSON,2017,0.531190880448613
BALLARD,2017,0.4830797009042736
BARREN,2017,0.5350059970371438
BATH,2017,0.4881549629807561
BELL,2017,0.8021609537631561
BOONE,2017,0.5898754902524603
BOURBON,2017,0.5014425963250786
BOYD,2017,0.4878690071693757
BOYLE,2017,0.4804019661255249
BRACKEN,2017,0.5274804775199772
BREATHITT,2017,0.543434096905741
BRECKINRIDGE,2017,0.5490342168880519
BULLITT,2017,0.5135233499297225
BUTLER,2017,0.5134590670037494
CALDWELL,2017,0.5181225223838136
CALLOWAY,2017,0.4424892091937182
CAMPBELL,2017,0.5615180369452824
CARLISLE,2017,0.4876276771414641
CARROLL,2017,0.50905851424374
CARTER,2017,0.4790129784570715
CASEY,2017,0.5276945932906091
CHRISTIAN,2017,0.5122959458261602
CLARK,2017,0.5537653511892171
CLAY,2017,0.622024764160714
CLINTON,2017,0.48296863267162166
CRITTENDEN,2017,0.5499434715491553
CUMBERLAND,2017,0.6162785615263794
DAVIESS,2017,0.5285216481550882
EDMONSON,2017,0.5125852093489485
ELLIOTT,2017,0.5185749557753824
ESTILL,2017,0.5330968236844473
FAYETTE,2017,0.5266011588566079
FLEMING,2017,0.5037333447231385
FLOYD,2017,0.5713271448283981
FRANKLIN,2017,0.508698376813385
FULTON,2017,0.5895011211236637
GALLATIN,2017,0.5893020536819517
GARRARD,2017,0.5670090642326319
GRANT,2017,0.5213807638063253
GRAVES,2017,0.4759372788462112
GRAYSON,2017,0.5482902950599621
GREEN,2017,0.536336934978151
GREENUP,2017,0.5044391978984669
HANCOCK,2017,0.4957255266781683
HARDIN,2017,0.5205003827387369
HARLAN,2017,0.5556437148840258
HARRISON,2017,0.5344648464347587
HART,2017,0.5018099644656544
HENDERSON,2017,0.5372465482342739
HENRY,2017,0.5345039711464237
HICKMAN,2017,0.468074861090012
HOPKINS,2017,0.48976847464572665
JACKSON,2017,0.515018465435062
JEFFERSON,2017,0.4815452902863255
JESSAMINE,2017,0.4947387627176232
JOHNSON,2017,0.49254992201315884
KENTON,2017,0.5136791449727477
KNOTT,2017,0.8063262795862831
KNOX,2017,0.5838057401402521
LARUE,2017,0.5220666063555071
LAUREL,2017,0.5028922362933339
LAWRENCE,2017,0.6101066951252022
LEE,2017,0.574267490617123
LETCHER,2017,0.820806810554552
LEWIS,2017,0.5256675696223446
LINCOLN,2017,0.4915756370186647
LIVINGSTON,2017,0.5227996293919479
LOGAN,2017,0.5279808206991675
LYON,2017,0.4480445559048901
MADISON,2017,0.5226335948304738
MAGOFFIN,2017,0.5218486787097347
MARION,2017,0.5196626184025086
MARSHALL,2017,0.4876265690724674
MASON,2017,0.5429958145440492
MCCRACKEN,2017,0.49926326037535523
MCCREARY,2017,0.5319907325303604
MCLEAN,2017,0.5419326383010373
MEADE,2017,0.59297501843904
MENIFEE,2017,0.47685571323879744
MERCER,2017,0.5073768434085079
METCALFE,2017,0.5658884261892801
MONROE,2017,0.5007281892124248
MONTGOMERY,2017,0.5406583242165661
MORGAN,2017,0.48920356679823646
MUHLENBERG,2017,0.5238011450863406
NELSON,2017,0.5775012527734587
NICHOLAS,2017,0.4936668036605327
OHIO,2017,0.5259815326241448
OLDHAM,2017,0.47297085893691954
OWEN,2017,0.5973737469617553
OWSLEY,2017,0.5484695894835934
PENDLETON,2017,0.5635769362052757
PERRY,2017,0.6981203521881423
PIKE,2017,0.6861707042625631
POWELL,2017,0.5020761891683565
PULASKI,2017,0.5241191048437741
ROBERTSON,2017,0.5597768723564284
ROCKCASTLE,2017,0.4860830957714489
ROWAN,2017,0.5038431336890226
RUSSELL,2017,0.5402292500124138
SCOTT,2017,0.5363217018558512
SHELBY,2017,0.5301841169710614
SIMPSON,2017,0.5610541444625401
SPENCER,2017,0.5542849593867953
TAYLOR,2017,0.5182949425071712
TODD,2017,0.5007281201104821
TRIGG,2017,0.5078174923845283
TRIMBLE,2017,0.594802048820043
UNION,2017,0.5269062772555447
WARREN,2017,0.550414086528521
WASHINGTON,2017,0.5804386546146194
WAYNE,2017,0.43410211270565086
WEBSTER,2017,0.5527949919195126
WHITLEY,2017,0.5308801365516825
WOLFE,2017,0.4513589242630554
WOODFORD,2017,0.5282478004791796
