county,predicted_score,predicted_risk,acres_chg_next,observed_risk
ADAIR,0.5314293209091595,59.32203389830508,-17.035138496588438,77.96610169491525
ALLEN,0.584918196212911,88.13559322033898,-19.2125526832131,83.89830508474577
ANDERSON,0.531190880448613,58.47457627118644,-27.431963648800505,94.91525423728814
BALLARD,0.4830797009042736,11.016949152542372,-0.6826372694509222,38.13559322033898
BARREN,0.5350059970371438,63.559322033898304,-9.177257577787058,56.77966101694915
BATH,0.4881549629807561,15.254237288135593,-1.978625185791017,39.83050847457628
BELL,0.8021609537631561,98.30508474576271,36.03257630934251,2.5423728813559308
BOONE,0.5898754902524603,90.67796610169492,-9.473804505167992,57.6271186440678
BOURBON,0.5014425963250786,24.576271186440678,7.536050376890303,20.33898305084746
BOYD,0.4878690071693757,14.40677966101695,22.46019517205958,4.237288135593218
BOYLE,0.4804019661255249,8.47457627118644,8.646014304731391,16.949152542372886
BRACKEN,0.5274804775199772,52.54237288135594,3.75155451153793,28.813559322033896
BREATHITT,0.543434096905741,70.33898305084746,44.92584928435937,1.6949152542372872
BRECKINRIDGE,0.5490342168880519,72.88135593220339,-11.103760382399448,63.559322033898304
BULLITT,0.5135233499297225,36.440677966101696,-32.93786582620441,96.61016949152543
BUTLER,0.5134590670037494,35.59322033898305,17.642531162727334,7.627118644067792
CALDWELL,0.5181225223838136,38.983050847457626,-5.67378610940381,47.45762711864406
CALLOWAY,0.4424892091937182,1.694915254237288,5.645619498085168,23.728813559322035
CAMPBELL,0.5615180369452824,80.50847457627118,-15.945676226840805,76.27118644067797
CARLISLE,0.4876276771414641,13.559322033898304,22.212122933590862,5.0847457627118615
CARROLL,0.50905851424374,33.05084745762712,-13.343678793116997,71.1864406779661
CARTER,0.4790129784570715,7.627118644067797,-10.2433933754389,60.16949152542373
CASEY,0.5276945932906091,53.38983050847458,5.297422136931891,25.423728813559322
CHRISTIAN,0.5122959458261602,33.89830508474576,-0.0899933734782872,36.440677966101696
CLARK,0.5537653511892171,76.27118644067797,-7.763285647359165,54.23728813559322
CLAY,0.622024764160714,95.76271186440678,-13.019659121652088,70.33898305084746
CLINTON,0.48296863267162166,10.16949152542373,-13.844335640722608,72.88135593220339
CRITTENDEN,0.5499434715491553,73.72881355932203,-15.260911957251214,75.42372881355932
CUMBERLAND,0.6162785615263794,94.91525423728814,13.7664280109847,10.169491525423723
DAVIESS,0.5285216481550882,55.932203389830505,14.011992150897733,9.32203389830508
EDMONSON,0.5125852093489485,34.74576271186441,6.109892264888649,22.88135593220339
ELLIOTT,0.5185749557753824,40.67796610169492,-25.03818459524329,91.52542372881356
ESTILL,0.5330968236844473,61.016949152542374,-6.436669052013107,50.847457627118644
FAYETTE,0.5266011588566079,50.847457627118644,8.395274986041318,18.64406779661016
FLEMING,0.5037333447231385,27.966101694915253,-7.974644421247835,55.08474576271186
FLOYD,0.5713271448283981,83.89830508474576,-24.537796739962804,90.67796610169492
FRANKLIN,0.508698376813385,32.20338983050847,-14.677877910095482,73.72881355932203
FULTON,0.5895011211236637,89.83050847457628,-5.891512574911642,50.0
GALLATIN,0.5893020536819517,88.98305084745762,-17.170101507228544,79.66101694915254
GARRARD,0.5670090642326319,83.05084745762711,-22.75841039314688,88.98305084745763
GRANT,0.5213807638063253,43.22033898305085,-12.443686712130605,67.79661016949153
GRAVES,0.4759372788462112,5.932203389830509,1.846396382050384,31.35593220338984
GRAYSON,0.5482902950599621,71.1864406779661,9.33207122438696,16.101694915254242
GREEN,0.536336934978151,65.2542372881356,-7.122149764173584,52.54237288135593
GREENUP,0.5044391978984669,29.66101694915254,-1.986359876886364,40.67796610169492
HANCOCK,0.4957255266781683,21.1864406779661,1.1398399195407116,33.050847457627114
HARDIN,0.5205003827387369,42.3728813559322,-5.257503727390927,46.61016949152542
HARLAN,0.5556437148840258,77.96610169491525,51.64493183165383,0.0
HARRISON,0.5344648464347587,61.86440677966102,-2.0294091329376327,42.3728813559322
HART,0.5018099644656544,25.423728813559322,0.0512455012929181,34.7457627118644
HENDERSON,0.5372465482342739,66.10169491525424,0.0193751245543721,35.59322033898306
HENRY,0.5345039711464237,62.71186440677966,-3.762423095125414,44.067796610169495
HICKMAN,0.468074861090012,4.23728813559322,-5.810557590695005,48.30508474576271
HOPKINS,0.48976847464572665,16.94915254237288,50.22134776192818,0.8474576271186436
JACKSON,0.515018465435062,38.13559322033898,3.4413520737204637,29.66101694915254
JEFFERSON,0.4815452902863255,9.322033898305085,-34.407911001236094,97.45762711864407
JESSAMINE,0.4947387627176232,20.33898305084746,-5.885206991961605,49.152542372881356
JOHNSON,0.49254992201315884,18.64406779661017,10.510292179760986,15.254237288135599
KENTON,0.5136791449727477,37.28813559322034,-21.56489069178623,87.28813559322035
KNOTT,0.8063262795862831,99.15254237288136,-24.23125196109193,89.83050847457628
KNOX,0.5838057401402521,87.28813559322035,-17.271835132482828,80.50847457627118
LARUE,0.5220666063555071,44.91525423728814,0.5753322883728516,33.89830508474576
LAUREL,0.5028922362933339,27.11864406779661,-11.07233644026223,62.71186440677966
LAWRENCE,0.6101066951252022,94.0677966101695,6.462824117463292,22.033898305084747
LEE,0.574267490617123,84.7457627118644,17.53280421170183,8.474576271186436
LETCHER,0.820806810554552,100.0,-12.644495820736262,69.49152542372882
LEWIS,0.5256675696223446,49.152542372881356,5.0588926646056365,27.11864406779661
LINCOLN,0.4915756370186647,17.796610169491526,-9.63558735428701,58.47457627118644
LIVINGSTON,0.5227996293919479,46.61016949152542,19.076265614727152,5.932203389830505
LOGAN,0.5279808206991675,54.23728813559322,-3.467856638763124,43.220338983050844
LYON,0.4480445559048901,2.5423728813559325,7.775159878828678,19.491525423728817
MADISON,0.5226335948304738,45.76271186440678,-16.568330548593707,77.11864406779661
MAGOFFIN,0.5218486787097347,44.06779661016949,35.60336165159404,3.3898305084745743
MARION,0.5196626184025086,41.52542372881356,3.225549098184094,30.508474576271183
MARSHALL,0.4876265690724674,12.711864406779661,5.295479238509141,26.271186440677965
MASON,0.5429958145440492,69.49152542372882,-25.488786114916778,92.37288135593221
MCCRACKEN,0.49926326037535523,22.033898305084744,-3.8223639702329177,44.91525423728814
MCCREARY,0.5319907325303604,60.16949152542372,-1.9922493313683751,41.52542372881356
MCLEAN,0.5419326383010373,68.64406779661016,-12.520300054133475,68.64406779661017
MEADE,0.59297501843904,91.52542372881356,-10.397436442780778,61.016949152542374
MENIFEE,0.47685571323879744,6.779661016949152,-30.08314009388609,95.76271186440678
MERCER,0.5073768434085079,30.508474576271187,4.269821028099028,27.966101694915253
METCALFE,0.5658884261892801,82.20338983050848,-9.758299212143532,59.32203389830508
MONROE,0.5007281892124248,23.728813559322035,-6.946208173555115,51.69491525423729
MONTGOMERY,0.5406583242165661,67.79661016949152,-34.77914842817349,98.30508474576271
MORGAN,0.48920356679823646,16.101694915254235,-15.18647504435412,74.57627118644068
MUHLENBERG,0.5238011450863406,47.45762711864407,1.4969965966656733,32.203389830508485
NELSON,0.5775012527734587,85.59322033898306,-26.246874034111663,94.0677966101695
NICHOLAS,0.4936668036605327,19.491525423728813,-17.4420983493588,82.20338983050847
OHIO,0.5259815326241448,50.0,-12.063530322155058,66.10169491525424
OLDHAM,0.47297085893691954,5.084745762711865,8.632716109351623,17.796610169491515
OWEN,0.5973737469617553,93.22033898305084,-13.376451752268164,72.03389830508475
OWSLEY,0.5484695894835934,72.03389830508475,-25.59017293439473,93.22033898305085
PENDLETON,0.5635769362052757,81.35593220338984,-17.976175503530552,83.05084745762713
PERRY,0.6981203521881423,97.45762711864407,-17.141634050880626,78.8135593220339
PIKE,0.6861707042625631,96.61016949152543,-0.4158537837560324,37.28813559322034
POWELL,0.5020761891683565,26.27118644067797,-3.9931423673119504,45.76271186440678
PULASKI,0.5241191048437741,48.30508474576271,-11.152669460802516,64.40677966101694
ROBERTSON,0.5597768723564284,78.8135593220339,-41.41187050359712,99.15254237288136
ROCKCASTLE,0.4860830957714489,11.864406779661017,12.52694966916958,12.711864406779654
ROWAN,0.5038431336890226,28.8135593220339,-11.25742449134336,65.25423728813558
RUSSELL,0.5402292500124138,66.94915254237289,7.050873114559118,21.186440677966104
SCOTT,0.5363217018558512,64.40677966101694,-12.110027108572128,66.94915254237287
SHELBY,0.5301841169710614,56.779661016949156,-20.30815183571873,85.59322033898304
SIMPSON,0.5610541444625401,79.66101694915254,-1.2682205224419107,38.983050847457626
SPENCER,0.5542849593867953,77.11864406779661,-21.092497001226462,86.4406779661017
TAYLOR,0.5182949425071712,39.83050847457627,-19.827123375926124,84.7457627118644
TODD,0.5007281201104821,22.88135593220339,11.449631742213596,14.406779661016941
TRIGG,0.5078174923845283,31.35593220338983,-17.404970042235536,81.35593220338983
TRIMBLE,0.594802048820043,92.37288135593221,-22.165448646026015,88.13559322033899
UNION,0.5269062772555447,51.69491525423729,12.598777166932129,11.864406779661024
WARREN,0.550414086528521,74.57627118644068,-10.40206256340628,61.86440677966102
WASHINGTON,0.5804386546146194,86.4406779661017,-8.203209682314538,55.93220338983051
WAYNE,0.43410211270565086,0.847457627118644,18.763725684072483,6.779661016949163
WEBSTER,0.5527949919195126,75.42372881355932,13.349571149858278,11.01694915254238
WHITLEY,0.5308801365516825,57.6271186440678,5.437159859620569,24.576271186440678
WOLFE,0.4513589242630554,3.389830508474576,12.083901975909331,13.559322033898297
WOODFORD,0.5282478004791796,55.08474576271186,-7.612086638737855,53.38983050847458
