county,origin,observed_change,observed_risk
ADAIR,2017,-17.035138496588438,0.788135593220339
ALLEN,2017,-19.2125526832131,0.847457627118644
ANDERSON,2017,-27.431963648800505,0.9576271186440678
BALLARD,2017,-0.6826372694509222,0.3898305084745763
BARREN,2017,-9.177257577787058,0.576271186440678
BATH,2017,-1.978625185791017,0.4067796610169492
BELL,2017,36.03257630934251,0.03389830508474576
BOONE,2017,-9.473804505167992,0.5847457627118644
BOURBON,2017,7.536050376890303,0.211864406779661
BOYD,2017,22.46019517205958,0.05084745762711865
BOYLE,2017,8.646014304731391,0.17796610169491525
BRACKEN,2017,3.75155451153793,0.2966101694915254
BREATHITT,2017,44.92584928435937,0.025423728813559324
BRECKINRIDGE,2017,-11.103760382399448,0.6440677966101694
BULLITT,2017,-32.93786582620441,0.9745762711864406
BUTLER,2017,17.642531162727334,0.0847457627118644
CALDWELL,2017,-5.67378610940381,0.4830508474576271
CALLOWAY,2017,5.645619498085168,0.2457627118644068
CAMPBELL,2017,-15.945676226840805,0.7711864406779662
CARLISLE,2017,22.212122933590862,0.059322033898305086
CARROLL,2017,-13.343678793116997,0.7203389830508474
CARTER,2017,-10.2433933754389,0.6101694915254238
CASEY,2017,5.297422136931891,0.2627118644067797
CHRISTIAN,2017,-0.0899933734782872,0.3728813559322034
CLARK,2017,-7.763285647359165,0.5508474576271186
CLAY,2017,-13.019659121652088,0.711864406779661
CLINTON,2017,-13.844335640722608,0.7372881355932204
CRITTENDEN,2017,-15.260911957251214,0.7627118644067796
CUMBERLAND,2017,13.7664280109847,0.11016949152542373
DAVIESS,2017,14.011992150897733,0.1016949152542373
EDMONSON,2017,6.109892264888649,0.23728813559322035
ELLIOTT,2017,-25.03818459524329,0.923728813559322
ESTILL,2017,-6.436669052013107,0.5169491525423728
FAYETTE,2017,8.395274986041318,0.19491525423728814
FLEMING,2017,-7.974644421247835,0.559322033898305
FLOYD,2017,-24.537796739962804,0.9152542372881356
FRANKLIN,2017,-14.677877910095482,0.7457627118644068
FULTON,2017,-5.891512574911642,0.5084745762711864
GALLATIN,2017,-17.170101507228544,0.8050847457627118
GARRARD,2017,-22.75841039314688,0.8983050847457628
GRANT,2017,-12.443686712130605,0.6864406779661016
GRAVES,2017,1.846396382050384,0.3220338983050847
GRAYSON,2017,9.33207122438696,0.1694915254237288
GREEN,2017,-7.122149764173584,0.5338983050847458
GREENUP,2017,-1.986359876886364,0.4152542372881356
HANCOCK,2017,1.1398399195407116,0.3389830508474576
HARDIN,2017,-5.257503727390927,0.4745762711864407
HARLAN,2017,51.64493183165383,0.00847457627118644
HARRISON,2017,-2.0294091329376327,0.4322033898305085
HART,2017,0.0512455012929181,0.3559322033898305
HENDERSON,2017,0.0193751245543721,0.3644067796610169
HENRY,2017,-3.762423095125414,0.4491525423728814
HICKMAN,2017,-5.810557590695005,0.4915254237288136
HOPKINS,2017,50.22134776192818,0.01694915254237288
JACKSON,2017,3.4413520737204637,0.3050847457627119
JEFFERSON,2017,-34.407911001236094,0.9830508474576272
JESSAMINE,2017,-5.885206991961605,0.5
JOHNSON,2017,10.510292179760986,0.16101694915254236
KENTON,2017,-21.56489069178623,0.8813559322033898
KNOTT,2017,-24.23125196109193,0.9067796610169492
KNOX,2017,-17.271835132482828,0.8135593220338984
LARUE,2017,0.5753322883728516,0.3474576271186441
LAUREL,2017,-11.07233644026223,0.635593220338983
LAWRENCE,2017,6.462824117463292,0.2288135593220339
LEE,2017,17.53280421170183,0.09322033898305085
LETCHER,2017,-12.644495820736262,0.7033898305084746
LEWIS,2017,5.0588926646056365,0.2796610169491525
LINCOLN,2017,-9.63558735428701,0.5932203389830508
LIVINGSTON,2017,19.076265614727152,0.06779661016949153
LOGAN,2017,-3.467856638763124,0.4406779661016949
LYON,2017,7.775159878828678,0.2033898305084746
MADISON,2017,-16.568330548593707,0.7796610169491526
MAGOFFIN,2017,35.60336165159404,0.0423728813559322
MARION,2017,3.225549098184094,0.3135593220338983
MARSHALL,2017,5.295479238509141,0.2711864406779661
MASON,2017,-25.488786114916778,0.9322033898305084
MCCRACKEN,2017,-3.8223639702329177,0.4576271186440678
MCCREARY,2017,-1.9922493313683751,0.423728813559322
MCLEAN,2017,-12.520300054133475,0.6949152542372882
MEADE,2017,-10.397436442780778,0.6186440677966102
MENIFEE,2017,-30.08314009388609,0.9661016949152542
MERCER,2017,4.269821028099028,0.288135593220339
METCALFE,2017,-9.758299212143532,0.6016949152542372
MONROE,2017,-6.946208173555115,0.5254237288135594
MONTGOMERY,2017,-34.77914842817349,0.9915254237288136
MORGAN,2017,-15.18647504435412,0.7542372881355932
MUHLENBERG,2017,1.4969965966656733,0.3305084745762712
NELSON,2017,-26.246874034111663,0.9491525423728814
NICHOLAS,2017,-17.4420983493588,0.8305084745762712
OHIO,2017,-12.063530322155058,0.6694915254237288
OLDHAM,2017,8.632716109351623,0.1864406779661017
OWEN,2017,-13.376451752268164,0.7288135593220338
OWSLEY,2017,-25.59017293439473,0.940677966101695
PENDLETON,2017,-17.976175503530552,0.8389830508474576
PERRY,2017,-17.141634050880626,0.7966101694915254
PIKE,2017,-0.4158537837560324,0.3813559322033898
POWELL,2017,-3.9931423673119504,0.4661016949152542
PULASKI,2017,-11.152669460802516,0.652542372881356
ROBERTSON,2017,-41.41187050359712,1.0
ROCKCASTLE,2017,12.52694966916958,0.13559322033898305
ROWAN,2017,-11.25742449134336,0.6610169491525424
RUSSELL,2017,7.050873114559118,0.22033898305084745
SCOTT,2017,-12.110027108572128,0.6779661016949152
SHELBY,2017,-20.30815183571873,0.864406779661017
SIMPSON,2017,-1.2682205224419107,0.3983050847457627
SPENCER,2017,-21.092497001226462,0.8728813559322034
TAYLOR,2017,-19.827123375926124,0.8559322033898306
TODD,2017,11.449631742213596,0.15254237288135594
TRIGG,2017,-17.404970042235536,0.8220338983050848
TRIMBLE,2017,-22.165448646026015,0.8898305084745762
UNION,2017,12.598777166932129,0.1271186440677966
WARREN,2017,-10.40206256340628,0.6271186440677966
WASHINGTON,2017,-8.203209682314538,0.5677966101694916
WAYNE,2017,18.763725684072483,0.07627118644067797
WEBSTER,2017,13.349571149858278,0.11864406779661017
WHITLEY,2017,5.437159859620569,0.2542372881355932
WOLFE,2017,12.083901975909331,0.1440677966101695
WOODFORD,2017,-7.612086638737855,0.5423728813559322
