county,origin_year,future_year,high_decline,acres,farm_count,avg_farm_size,cropland_acres,net_income_per_operation,operations_with_loss,operations_net_income,sales_per_operation,government_payments_per_operation
ADAIR,2012,2017,0,1783.0,24.0,74.29166666666667,66574.0,4287.0,695.0,1243.0,42936.0,3507.0
ADAIR,2017,2022,1,1030.0,13.0,79.23076923076923,76836.0,16291.0,615.0,1154.0,60101.0,5543.0
ALLEN,2012,2017,0,7453.0,58.0,128.5,52263.0,6874.0,552.0,1080.0,49291.0,4346.0
ALLEN,2017,2022,1,5484.0,71.0,77.2394366197183,74231.0,11914.0,596.0,1127.0,78613.0,9116.0
ANDERSON,2012,2017,0,6350.0,34.0,186.76470588235293,29432.0,-987.0,443.0,676.0,18856.0,4030.0
ANDERSON,2017,2022,1,197.0,10.0,19.7,29055.0,-3238.0,579.0,774.0,15926.0,7260.0
BALLARD,2012,2017,1,3052.0,13.0,234.76923076923077,85220.0,38009.0,171.0,408.0,141206.0,7203.0
BALLARD,2017,2022,0,,3.0,,75295.0,97851.0,130.0,295.0,239366.0,11248.0
BARREN,2012,2017,0,6099.0,35.0,174.25714285714287,130004.0,8686.0,1035.0,1869.0,60473.0,5583.0
BARREN,2017,2022,0,2687.0,33.0,81.42424242424242,141417.0,15235.0,1095.0,1899.0,66981.0,4472.0
BATH,2012,2017,1,4707.0,12.0,392.25,47863.0,2233.0,360.0,690.0,27915.0,3629.0
BATH,2017,2022,0,1256.0,8.0,157.0,46737.0,4347.0,410.0,728.0,25160.0,4820.0
BELL,2012,2017,0,314.0,7.0,44.857142857142854,1753.0,-3371.0,55.0,81.0,6041.0,1200.0
BELL,2017,2022,0,194.0,4.0,48.5,3409.0,-7385.0,83.0,110.0,4592.0,1003.0
BOONE,2012,2017,0,1920.0,30.0,64.0,28317.0,-3216.0,416.0,608.0,20468.0,2832.0
BOONE,2017,2022,0,1814.0,22.0,82.45454545454545,36559.0,3448.0,512.0,721.0,21314.0,6777.0
BOURBON,2012,2017,1,6874.0,29.0,237.0344827586207,74806.0,501.0,540.0,907.0,119568.0,5338.0
BOURBON,2017,2022,0,6090.0,27.0,225.55555555555554,74887.0,75422.0,555.0,915.0,229029.0,4237.0
BOYD,2012,2017,1,1013.0,8.0,126.625,4834.0,-6096.0,173.0,214.0,8812.0,1592.0
BOYD,2017,2022,0,115.0,9.0,12.777777777777779,3528.0,-6012.0,159.0,203.0,5843.0,795.0
BOYLE,2012,2017,1,9173.0,25.0,366.92,41867.0,-2303.0,420.0,620.0,49953.0,3301.0
BOYLE,2017,2022,0,965.0,18.0,53.611111111111114,36759.0,3437.0,391.0,602.0,52056.0,3345.0
BRACKEN,2012,2017,0,7764.0,27.0,287.55555555555554,28999.0,162.0,332.0,587.0,18547.0,3655.0
BRACKEN,2017,2022,0,2025.0,6.0,337.5,32444.0,1743.0,307.0,531.0,20189.0,1585.0
BREATHITT,2012,2017,0,263.0,5.0,52.6,4843.0,643.0,72.0,120.0,14268.0,4085.0
BREATHITT,2017,2022,0,150.0,6.0,25.0,3590.0,-6611.0,126.0,160.0,3172.0,965.0
BRECKINRIDGE,2012,2017,0,10914.0,24.0,454.75,116614.0,16590.0,629.0,1304.0,60994.0,4277.0
BRECKINRIDGE,2017,2022,0,2165.0,22.0,98.4090909090909,126792.0,23659.0,694.0,1357.0,73279.0,6275.0
BULLITT,2012,2017,0,978.0,12.0,81.5,20200.0,-1848.0,353.0,488.0,15873.0,3298.0
BULLITT,2017,2022,1,33.0,3.0,11.0,19329.0,-3990.0,370.0,486.0,12849.0,3417.0
BUTLER,2012,2017,0,1149.0,12.0,95.75,62776.0,22161.0,319.0,697.0,60822.0,6054.0
BUTLER,2017,2022,0,870.0,13.0,66.92307692307692,75630.0,29439.0,322.0,642.0,76221.0,10912.0
CALDWELL,2012,2017,0,30381.0,15.0,2025.4,85467.0,9009.0,285.0,538.0,71561.0,6985.0
CALDWELL,2017,2022,0,35670.0,15.0,2378.0,86529.0,14983.0,226.0,475.0,95036.0,13169.0
CALLOWAY,2012,2017,1,59487.0,116.0,512.8189655172414,131921.0,41333.0,358.0,821.0,133619.0,9881.0
CALLOWAY,2017,2022,0,28426.0,54.0,526.4074074074074,102529.0,51662.0,326.0,710.0,137631.0,7219.0
CAMPBELL,2012,2017,0,1744.0,24.0,72.66666666666667,14974.0,-1929.0,334.0,504.0,13718.0,2184.0
CAMPBELL,2017,2022,1,1102.0,18.0,61.22222222222222,15878.0,292.0,441.0,577.0,12335.0,1317.0
CARLISLE,2012,2017,1,16056.0,26.0,617.5384615384615,79596.0,56701.0,110.0,325.0,224937.0,9317.0
CARLISLE,2017,2022,0,23374.0,7.0,3339.1428571428573,73119.0,93570.0,101.0,273.0,247680.0,9001.0
CARROLL,2012,2017,0,1583.0,8.0,197.875,21674.0,4873.0,161.0,278.0,23170.0,3050.0
CARROLL,2017,2022,0,201.0,3.0,67.0,17857.0,1213.0,189.0,308.0,18867.0,4385.0
CARTER,2012,2017,1,3171.0,18.0,176.16666666666666,22629.0,-3661.0,497.0,786.0,12081.0,2126.0
CARTER,2017,2022,0,3025.0,13.0,232.69230769230768,23391.0,-2411.0,475.0,718.0,9587.0,4237.0
CASEY,2012,2017,0,3260.0,39.0,83.58974358974359,60559.0,718.0,606.0,1118.0,26470.0,2936.0
CASEY,2017,2022,0,3236.0,42.0,77.04761904761905,65377.0,5445.0,633.0,1106.0,29071.0,2270.0
CHRISTIAN,2012,2017,0,36742.0,111.0,331.009009009009,252280.0,42425.0,543.0,1179.0,157625.0,10980.0
CHRISTIAN,2017,2022,0,34272.0,97.0,353.319587628866,245761.0,61480.0,411.0,1137.0,180541.0,12736.0
CLARK,2012,2017,0,3605.0,31.0,116.29032258064517,50458.0,-389.0,569.0,883.0,39361.0,3543.0
CLARK,2017,2022,0,2326.0,16.0,145.375,66359.0,842.0,582.0,871.0,39067.0,3280.0
CLAY,2012,2017,0,1260.0,12.0,105.0,9933.0,-3587.0,141.0,243.0,19167.0,2954.0
CLAY,2017,2022,0,1340.0,14.0,95.71428571428571,8283.0,4085.0,129.0,233.0,22401.0,1014.0
CLINTON,2012,2017,1,1700.0,10.0,170.0,25989.0,6936.0,286.0,508.0,58632.0,2426.0
CLINTON,2017,2022,0,17.0,5.0,3.4,23805.0,27208.0,302.0,512.0,79334.0,3930.0
CRITTENDEN,2012,2017,0,16043.0,43.0,373.09302325581393,83004.0,13159.0,285.0,592.0,53312.0,8907.0
CRITTENDEN,2017,2022,1,18096.0,20.0,904.8,79223.0,22320.0,240.0,575.0,68289.0,9333.0
CUMBERLAND,2012,2017,0,,3.0,,17657.0,5530.0,218.0,371.0,34596.0,2176.0
CUMBERLAND,2017,2022,0,1413.0,6.0,235.5,22566.0,6752.0,211.0,395.0,26965.0,3564.0
DAVIESS,2012,2017,0,46492.0,60.0,774.8666666666667,190211.0,72164.0,384.0,837.0,210760.0,7221.0
DAVIESS,2017,2022,0,45946.0,56.0,820.4642857142857,190812.0,68540.0,399.0,919.0,202262.0,10734.0
EDMONSON,2012,2017,0,999.0,12.0,83.25,34892.0,-1297.0,346.0,638.0,31700.0,6852.0
EDMONSON,2017,2022,0,89.0,4.0,22.25,38095.0,14067.0,301.0,578.0,47499.0,7665.0
ELLIOTT,2012,2017,0,966.0,7.0,138.0,13510.0,1535.0,214.0,389.0,8321.0,4060.0
ELLIOTT,2017,2022,1,456.0,3.0,152.0,15122.0,187.0,246.0,363.0,8627.0,2007.0
ESTILL,2012,2017,0,493.0,6.0,82.16666666666667,14051.0,-4187.0,226.0,380.0,11654.0,2147.0
ESTILL,2017,2022,0,541.0,7.0,77.28571428571429,14247.0,-1379.0,262.0,367.0,11183.0,2135.0
FAYETTE,2012,2017,0,14515.0,61.0,237.95081967213116,40354.0,1015.0,459.0,718.0,245461.0,6132.0
FAYETTE,2017,2022,0,10090.0,49.0,205.91836734693877,33687.0,95034.0,422.0,622.0,346493.0,9148.0
FLEMING,2012,2017,0,3614.0,15.0,240.93333333333334,73112.0,7079.0,595.0,1087.0,48516.0,2359.0
FLEMING,2017,2022,0,152.0,3.0,50.666666666666664,77301.0,6862.0,559.0,1013.0,48125.0,1663.0
FLOYD,2012,2017,0,15.0,3.0,5.0,1168.0,-1883.0,62.0,87.0,6641.0,
FLOYD,2017,2022,1,,2.0,,2053.0,1882.0,102.0,136.0,4291.0,
FRANKLIN,2012,2017,0,9508.0,34.0,279.6470588235294,30063.0,-3388.0,372.0,579.0,33463.0,3018.0
FRANKLIN,2017,2022,0,1121.0,12.0,93.41666666666667,29350.0,3298.0,367.0,599.0,31481.0,15128.0
FULTON,2012,2017,0,14496.0,5.0,2899.2,74334.0,94875.0,55.0,178.0,261563.0,19822.0
FULTON,2017,2022,0,46372.0,12.0,3864.3333333333335,86622.0,154367.0,38.0,146.0,425525.0,21150.0
GALLATIN,2012,2017,0,4636.0,14.0,331.14285714285717,10794.0,2790.0,117.0,185.0,30547.0,3227.0
GALLATIN,2017,2022,1,,8.0,,14213.0,7777.0,157.0,235.0,32937.0,568.0
GARRARD,2012,2017,0,7501.0,21.0,357.1904761904762,43690.0,4624.0,440.0,805.0,47794.0,2656.0
GARRARD,2017,2022,1,3052.0,21.0,145.33333333333334,56763.0,1947.0,466.0,793.0,44608.0,3522.0
GRANT,2012,2017,0,2958.0,17.0,174.0,32984.0,-756.0,517.0,812.0,14407.0,2927.0
GRANT,2017,2022,0,1406.0,13.0,108.15384615384616,35465.0,-3118.0,596.0,811.0,12485.0,1346.0
GRAVES,2012,2017,1,50034.0,93.0,538.0,221852.0,55674.0,599.0,1442.0,234209.0,7753.0
GRAVES,2017,2022,0,44863.0,58.0,773.5,194771.0,120540.0,437.0,1104.0,313548.0,9135.0
GRAYSON,2012,2017,0,5286.0,32.0,165.1875,87091.0,5207.0,764.0,1407.0,32454.0,4084.0
GRAYSON,2017,2022,0,6635.0,18.0,368.6111111111111,95299.0,11490.0,758.0,1339.0,44494.0,5505.0
GREEN,2012,2017,0,2213.0,19.0,116.47368421052632,67443.0,7621.0,501.0,1050.0,37304.0,4529.0
GREEN,2017,2022,0,1951.0,19.0,102.6842105263158,76140.0,14976.0,528.0,1004.0,53020.0,7828.0
GREENUP,2012,2017,0,3235.0,13.0,248.84615384615384,17513.0,-2030.0,379.0,604.0,8333.0,1547.0
GREENUP,2017,2022,0,1505.0,22.0,68.4090909090909,18966.0,-1065.0,425.0,584.0,9911.0,6294.0
HANCOCK,2012,2017,1,6043.0,11.0,549.3636363636364,23396.0,12756.0,196.0,350.0,40038.0,2928.0
HANCOCK,2017,2022,0,388.0,11.0,35.27272727272727,21398.0,11651.0,172.0,321.0,36128.0,3774.0
HARDIN,2012,2017,0,13595.0,35.0,388.42857142857144,114429.0,6552.0,854.0,1357.0,42704.0,3691.0
HARDIN,2017,2022,0,8039.0,24.0,334.9583333333333,109575.0,8303.0,840.0,1305.0,45396.0,6169.0
HARLAN,2012,2017,0,,1.0,,276.0,-7113.0,28.0,34.0,8288.0,
HARLAN,2017,2022,0,,1.0,,465.0,-2529.0,30.0,39.0,5417.0,
HARRISON,2012,2017,0,24649.0,88.0,280.10227272727275,64247.0,2620.0,629.0,1064.0,33848.0,3045.0
HARRISON,2017,2022,0,10523.0,38.0,276.92105263157896,71208.0,1754.0,689.0,1138.0,30849.0,2208.0
HART,2012,2017,1,10317.0,44.0,234.47727272727272,76126.0,2563.0,741.0,1372.0,24409.0,5598.0
HART,2017,2022,0,3994.0,22.0,181.54545454545453,73759.0,6346.0,763.0,1287.0,28583.0,9220.0
HENDERSON,2012,2017,0,36313.0,20.0,1815.65,150008.0,58707.0,225.0,465.0,169023.0,11101.0
HENDERSON,2017,2022,0,30486.0,24.0,1270.25,156797.0,85374.0,188.0,458.0,213312.0,19503.0
HENRY,2012,2017,0,16988.0,69.0,246.20289855072463,58161.0,4449.0,478.0,869.0,35293.0,3741.0
HENRY,2017,2022,0,8216.0,25.0,328.64,65247.0,5496.0,449.0,771.0,39698.0,2498.0
HICKMAN,2012,2017,1,38535.0,13.0,2964.230769230769,119650.0,143412.0,76.0,298.0,534357.0,12741.0
HICKMAN,2017,2022,0,36741.0,11.0,3340.090909090909,103868.0,271082.0,48.0,246.0,648820.0,19604.0
HOPKINS,2012,2017,1,1288.0,16.0,80.5,94245.0,35326.0,391.0,731.0,147369.0,7828.0
HOPKINS,2017,2022,0,742.0,11.0,67.45454545454545,91022.0,76450.0,360.0,656.0,182310.0,7946.0
JACKSON,2012,2017,0,469.0,6.0,78.16666666666667,23043.0,-4946.0,347.0,588.0,16773.0,2269.0
JACKSON,2017,2022,0,300.0,9.0,33.333333333333336,26110.0,-1222.0,391.0,551.0,10431.0,1575.0
JEFFERSON,2012,2017,1,683.0,44.0,15.522727272727273,10955.0,-6555.0,256.0,382.0,20342.0,4168.0
JEFFERSON,2017,2022,1,520.0,31.0,16.774193548387096,7572.0,-4475.0,256.0,343.0,18550.0,9882.0
JESSAMINE,2012,2017,1,3376.0,26.0,129.84615384615384,33566.0,1855.0,433.0,668.0,37446.0,3550.0
JESSAMINE,2017,2022,0,263.0,25.0,10.52,32354.0,76164.0,441.0,671.0,119028.0,7436.0
JOHNSON,2012,2017,1,,2.0,,4941.0,-5074.0,133.0,196.0,6562.0,1971.0
JOHNSON,2017,2022,0,60.0,3.0,20.0,3802.0,-6565.0,183.0,224.0,3153.0,1253.0
KENTON,2012,2017,0,3556.0,13.0,273.53846153846155,15144.0,-7545.0,324.0,459.0,11475.0,2402.0
KENTON,2017,2022,1,122.0,10.0,12.2,15921.0,-790.0,348.0,506.0,10651.0,1417.0
KNOTT,2012,2017,0,,,,1776.0,-10850.0,34.0,42.0,8515.0,
KNOTT,2017,2022,1,,2.0,,568.0,-4501.0,50.0,62.0,6579.0,
KNOX,2012,2017,0,796.0,6.0,132.66666666666666,9583.0,-4959.0,163.0,243.0,9358.0,3965.0
KNOX,2017,2022,1,862.0,14.0,61.57142857142857,11986.0,-3887.0,241.0,336.0,7540.0,4536.0
LARUE,2012,2017,0,5893.0,22.0,267.8636363636364,66947.0,9832.0,436.0,720.0,58162.0,4164.0
LARUE,2017,2022,0,347.0,7.0,49.57142857142857,67671.0,13358.0,395.0,718.0,57259.0,6665.0
LAUREL,2012,2017,0,1532.0,23.0,66.6086956521739,35031.0,-2279.0,606.0,1006.0,15186.0,1818.0
LAUREL,2017,2022,0,2247.0,23.0,97.69565217391305,35086.0,167.0,608.0,955.0,16153.0,2197.0
LAWRENCE,2012,2017,0,808.0,12.0,67.33333333333333,6458.0,-2658.0,197.0,291.0,5373.0,874.0
LAWRENCE,2017,2022,0,,4.0,,7943.0,-2088.0,206.0,284.0,4423.0,1859.0
LEE,2012,2017,0,250.0,4.0,62.5,5435.0,-2537.0,96.0,142.0,6853.0,2003.0
LEE,2017,2022,0,,,,8531.0,-1335.0,111.0,144.0,9668.0,1951.0
LESLIE,2012,2017,0,,,,205.0,-5932.0,13.0,15.0,244.0,1072.0
LESLIE,2017,2022,0,24.0,6.0,4.0,218.0,-2914.0,21.0,26.0,1245.0,
LETCHER,2012,2017,0,,1.0,,433.0,-1635.0,34.0,54.0,2456.0,
LETCHER,2017,2022,0,,,,418.0,-2361.0,80.0,103.0,1344.0,
LEWIS,2012,2017,0,1157.0,7.0,165.28571428571428,32816.0,5200.0,358.0,676.0,18944.0,2888.0
LEWIS,2017,2022,0,435.0,3.0,145.0,41746.0,2906.0,308.0,550.0,23065.0,4628.0
LINCOLN,2012,2017,1,3896.0,36.0,108.22222222222223,72576.0,821.0,671.0,1202.0,47729.0,3212.0
LINCOLN,2017,2022,0,2008.0,29.0,69.24137931034483,68970.0,10855.0,614.0,1090.0,54136.0,3945.0
LIVINGSTON,2012,2017,0,441.0,7.0,63.0,62457.0,3373.0,215.0,403.0,52898.0,7469.0
LIVINGSTON,2017,2022,0,53.0,11.0,4.818181818181818,61645.0,17042.0,199.0,365.0,66176.0,7000.0
LOGAN,2012,2017,0,23070.0,52.0,443.65384615384613,192361.0,38600.0,452.0,1060.0,127283.0,9517.0
LOGAN,2017,2022,0,45329.0,29.0,1563.0689655172414,195196.0,35609.0,448.0,1078.0,141154.0,13849.0
LYON,2012,2017,1,884.0,7.0,126.28571428571429,23614.0,4888.0,110.0,219.0,30967.0,4878.0
LYON,2017,2022,0,,2.0,,17625.0,5542.0,115.0,208.0,32030.0,6512.0
MADISON,2012,2017,0,7500.0,46.0,163.04347826086956,72977.0,2239.0,724.0,1219.0,49656.0,1483.0
MADISON,2017,2022,1,4555.0,30.0,151.83333333333334,74790.0,4567.0,683.0,1187.0,42593.0,2066.0
MAGOFFIN,2012,2017,0,,1.0,,7888.0,-4332.0,260.0,361.0,3481.0,1991.0
MAGOFFIN,2017,2022,0,430.0,8.0,53.75,7072.0,-4101.0,240.0,335.0,4269.0,614.0
MARION,2012,2017,0,8044.0,32.0,251.375,70227.0,3210.0,587.0,1016.0,55602.0,2360.0
MARION,2017,2022,0,4404.0,13.0,338.7692307692308,85208.0,10903.0,502.0,954.0,63134.0,2590.0
MARSHALL,2012,2017,1,1036.0,15.0,69.06666666666666,54795.0,8569.0,381.0,719.0,63041.0,5006.0
MARSHALL,2017,2022,0,383.0,13.0,29.46153846153846,52889.0,14195.0,426.0,699.0,73504.0,4069.0
MARTIN,2012,2017,0,,,,312.0,-34818.0,13.0,20.0,4772.0,
MARTIN,2017,2022,0,,,,2308.0,-2850.0,24.0,30.0,7144.0,
MASON,2012,2017,0,2417.0,19.0,127.21052631578948,57923.0,12443.0,327.0,634.0,48784.0,5054.0
MASON,2017,2022,1,774.0,6.0,129.0,68700.0,11223.0,340.0,680.0,46081.0,3238.0
MCCRACKEN,2012,2017,1,3760.0,25.0,150.4,49731.0,13368.0,263.0,447.0,49739.0,3996.0
MCCRACKEN,2017,2022,0,1483.0,16.0,92.6875,50591.0,25756.0,191.0,318.0,90953.0,7823.0
MCCREARY,2012,2017,0,594.0,8.0,74.25,3304.0,-4528.0,117.0,155.0,6670.0,1244.0
MCCREARY,2017,2022,0,,2.0,,3782.0,-3512.0,141.0,173.0,14739.0,1196.0
MCLEAN,2012,2017,0,17313.0,16.0,1082.0625,96487.0,130119.0,124.0,413.0,435219.0,8280.0
MCLEAN,2017,2022,0,,3.0,,108090.0,160093.0,148.0,439.0,434711.0,9180.0
MEADE,2012,2017,0,546.0,5.0,109.2,63718.0,9307.0,433.0,754.0,48503.0,3632.0
MEADE,2017,2022,0,102.0,6.0,17.0,80352.0,11978.0,485.0,781.0,58634.0,7279.0
MENIFEE,2012,2017,1,,2.0,,9975.0,-1668.0,200.0,294.0,13082.0,2060.0
MENIFEE,2017,2022,1,603.0,6.0,100.5,8188.0,-1677.0,209.0,283.0,8450.0,1233.0
MERCER,2012,2017,0,2882.0,26.0,110.84615384615384,59424.0,1324.0,684.0,1067.0,47495.0,4341.0
MERCER,2017,2022,0,1111.0,27.0,41.148148148148145,59668.0,2691.0,730.0,1108.0,41428.0,14741.0
METCALFE,2012,2017,0,4829.0,30.0,160.96666666666667,49686.0,5727.0,470.0,924.0,37899.0,5253.0
METCALFE,2017,2022,0,2160.0,19.0,113.6842105263158,58573.0,9495.0,566.0,945.0,45654.0,5633.0
MONROE,2012,2017,1,4973.0,17.0,292.52941176470586,61978.0,14042.0,443.0,858.0,90021.0,3892.0
MONROE,2017,2022,0,2765.0,14.0,197.5,61118.0,42627.0,360.0,765.0,133949.0,3426.0
MONTGOMERY,2012,2017,0,356.0,7.0,50.857142857142854,40011.0,-1272.0,347.0,609.0,31209.0,2450.0
MONTGOMERY,2017,2022,1,365.0,7.0,52.142857142857146,41024.0,2541.0,421.0,659.0,32462.0,1320.0
MORGAN,2012,2017,1,3187.0,9.0,354.1111111111111,24027.0,-2114.0,438.0,694.0,9939.0,2237.0
MORGAN,2017,2022,1,3255.0,20.0,162.75,23194.0,-158.0,477.0,657.0,8803.0,3024.0
MUHLENBERG,2012,2017,0,2913.0,13.0,224.07692307692307,67127.0,33533.0,327.0,630.0,109373.0,7693.0
MUHLENBERG,2017,2022,0,1542.0,8.0,192.75,69285.0,52962.0,291.0,549.0,172070.0,7225.0
NELSON,2012,2017,0,10624.0,37.0,287.13513513513516,97168.0,4136.0,853.0,1326.0,48597.0,4559.0
NELSON,2017,2022,1,1180.0,18.0,65.55555555555556,114006.0,6921.0,933.0,1434.0,46792.0,6438.0
NICHOLAS,2012,2017,1,4847.0,23.0,210.7391304347826,40923.0,3347.0,312.0,570.0,36385.0,3471.0
NICHOLAS,2017,2022,1,325.0,5.0,65.0,39376.0,10308.0,310.0,556.0,46652.0,2900.0
OHIO,2012,2017,0,8524.0,15.0,568.2666666666667,78814.0,28806.0,480.0,944.0,104698.0,3110.0
OHIO,2017,2022,0,,9.0,,86351.0,61610.0,435.0,813.0,166998.0,7543.0
OLDHAM,2012,2017,1,6589.0,47.0,140.19148936170214,24266.0,-3809.0,266.0,419.0,35439.0,3849.0
OLDHAM,2017,2022,0,4229.0,31.0,136.41935483870967,21330.0,-835.0,336.0,466.0,39729.0,11459.0
OWEN,2012,2017,0,11285.0,35.0,322.42857142857144,45754.0,4025.0,399.0,701.0,30298.0,3759.0
OWEN,2017,2022,0,10715.0,20.0,535.75,61679.0,2282.0,533.0,821.0,29107.0,3358.0
OWSLEY,2012,2017,0,875.0,8.0,109.375,6857.0,-686.0,85.0,163.0,9940.0,3396.0
OWSLEY,2017,2022,1,,1.0,,10276.0,-1301.0,106.0,153.0,8458.0,5159.0
PENDLETON,2012,2017,0,11425.0,46.0,248.3695652173913,31723.0,967.0,482.0,810.0,14166.0,2921.0
PENDLETON,2017,2022,1,2945.0,17.0,173.23529411764707,38222.0,-1400.0,646.0,919.0,10282.0,1405.0
PERRY,2012,2017,0,,1.0,,899.0,8433.0,27.0,49.0,42073.0,
PERRY,2017,2022,1,3056.0,6.0,509.3333333333333,5587.0,-4949.0,49.0,63.0,5173.0,
PIKE,2012,2017,0,,,,2096.0,-18578.0,46.0,56.0,10015.0,
PIKE,2017,2022,0,160.0,6.0,26.666666666666668,3353.0,-4029.0,53.0,85.0,8751.0,
POWELL,2012,2017,0,419.0,5.0,83.8,7479.0,-2792.0,163.0,229.0,10772.0,1669.0
POWELL,2017,2022,0,82.0,7.0,11.714285714285714,9577.0,-700.0,123.0,194.0,13936.0,2025.0
PULASKI,2012,2017,0,6840.0,37.0,184.86486486486487,90071.0,2024.0,1043.0,1713.0,37073.0,2433.0
PULASKI,2017,2022,0,6814.0,30.0,227.13333333333333,100251.0,4327.0,974.0,1704.0,32570.0,1769.0
ROBERTSON,2012,2017,0,1182.0,7.0,168.85714285714286,12718.0,-553.0,156.0,251.0,16165.0,4166.0
ROBERTSON,2017,2022,1,369.0,6.0,61.5,14510.0,1134.0,139.0,245.0,14471.0,1687.0
ROCKCASTLE,2012,2017,1,197.0,10.0,19.7,30272.0,134.0,386.0,677.0,18252.0,2521.0
ROCKCASTLE,2017,2022,0,407.0,11.0,37.0,27756.0,-1846.0,462.0,681.0,10741.0,2420.0
ROWAN,2012,2017,0,718.0,12.0,59.833333333333336,15037.0,-946.0,225.0,356.0,14705.0,2360.0
ROWAN,2017,2022,0,1422.0,7.0,203.14285714285714,13145.0,-5082.0,210.0,329.0,12605.0,2180.0
RUSSELL,2012,2017,0,816.0,11.0,74.18181818181819,34915.0,3079.0,383.0,726.0,61330.0,5598.0
RUSSELL,2017,2022,0,187.0,9.0,20.77777777777778,42215.0,8336.0,375.0,672.0,55822.0,3283.0
SCOTT,2012,2017,0,18680.0,64.0,291.875,48052.0,-3575.0,518.0,838.0,46254.0,4468.0
SCOTT,2017,2022,0,8786.0,32.0,274.5625,56109.0,6600.0,555.0,851.0,60735.0,3855.0
SHELBY,2012,2017,0,28740.0,82.0,350.4878048780488,111258.0,7156.0,925.0,1518.0,50595.0,4777.0
SHELBY,2017,2022,1,15341.0,43.0,356.7674418604651,124417.0,5124.0,1027.0,1548.0,46577.0,7095.0
SIMPSON,2012,2017,0,4822.0,17.0,283.6470588235294,78545.0,53090.0,211.0,467.0,158207.0,8912.0
SIMPSON,2017,2022,0,4787.0,22.0,217.5909090909091,88257.0,56710.0,229.0,471.0,167658.0,8660.0
SPENCER,2012,2017,0,3156.0,24.0,131.5,31157.0,3524.0,315.0,529.0,29517.0,2156.0
SPENCER,2017,2022,1,1457.0,12.0,121.41666666666667,34840.0,6617.0,388.0,606.0,30163.0,5669.0
TAYLOR,2012,2017,0,2937.0,29.0,101.27586206896552,59479.0,8692.0,483.0,874.0,43362.0,2842.0
TAYLOR,2017,2022,1,815.0,8.0,101.875,61098.0,14429.0,410.0,803.0,57365.0,5069.0
TODD,2012,2017,1,44329.0,119.0,372.5126050420168,126649.0,94560.0,222.0,603.0,298916.0,9758.0
TODD,2017,2022,0,18372.0,86.0,213.62790697674419,127476.0,91003.0,190.0,593.0,296151.0,8343.0
TRIGG,2012,2017,0,37679.0,41.0,919.0,71774.0,29980.0,201.0,397.0,118862.0,8229.0
TRIGG,2017,2022,1,32875.0,37.0,888.5135135135135,75939.0,38521.0,178.0,405.0,145183.0,18948.0
TRIMBLE,2012,2017,0,1883.0,11.0,171.1818181818182,19025.0,2393.0,271.0,439.0,20738.0,2775.0
TRIMBLE,2017,2022,1,,1.0,,30365.0,5520.0,290.0,469.0,25823.0,9139.0
UNION,2012,2017,0,21423.0,11.0,1947.5454545454545,167932.0,83894.0,131.0,310.0,311267.0,15626.0
UNION,2017,2022,0,34921.0,21.0,1662.904761904762,172754.0,123935.0,110.0,284.0,383284.0,30104.0
WARREN,2012,2017,0,3792.0,38.0,99.78947368421052,146183.0,15413.0,885.0,1648.0,69602.0,9582.0
WARREN,2017,2022,0,4781.0,50.0,95.62,156648.0,16440.0,1053.0,1755.0,63189.0,14347.0
WASHINGTON,2012,2017,0,10365.0,39.0,265.7692307692308,55949.0,5873.0,512.0,1011.0,33402.0,5788.0
WASHINGTON,2017,2022,0,2621.0,15.0,174.73333333333332,67509.0,4607.0,634.0,1102.0,31208.0,2284.0
WAYNE,2012,2017,1,1520.0,15.0,101.33333333333333,40821.0,-797.0,449.0,778.0,87497.0,1778.0
WAYNE,2017,2022,0,2282.0,15.0,152.13333333333333,34528.0,25362.0,406.0,710.0,81655.0,3466.0
WEBSTER,2012,2017,0,,9.0,,107882.0,66325.0,205.0,500.0,204745.0,11801.0
WEBSTER,2017,2022,0,8721.0,9.0,969.0,122953.0,124992.0,167.0,499.0,284332.0,14015.0
WHITLEY,2012,2017,0,1991.0,9.0,221.22222222222223,16857.0,-4301.0,337.0,496.0,10851.0,1166.0
WHITLEY,2017,2022,0,1037.0,11.0,94.27272727272727,20172.0,-93.0,383.0,548.0,11057.0,2751.0
WOLFE,2012,2017,1,737.0,9.0,81.88888888888889,8000.0,-1233.0,180.0,297.0,5721.0,2789.0
WOLFE,2017,2022,0,602.0,8.0,75.25,10172.0,-1569.0,209.0,294.0,5046.0,622.0
WOODFORD,2012,2017,0,10520.0,40.0,263.0,34655.0,-18561.0,467.0,713.0,107421.0,5221.0
WOODFORD,2017,2022,0,458.0,19.0,24.105263157894736,41963.0,33512.0,394.0,689.0,192442.0,6298.0
