year,item,county,value
2007,acres,BALLARD,110199.0
2007,acres,CALLOWAY,157761.0
2007,acres,CARLISLE,95713.0
2007,acres,FULTON,91414.0
2007,acres,GRAVES,277881.0
2007,acres,HICKMAN,129752.0
2007,acres,LIVINGSTON,117011.0
2007,acres,LYON,54152.0
2007,acres,MCCRACKEN,75341.0
2007,acres,MARSHALL,97712.0
2007,acres,TRIGG,135685.0
2007,acres,CALDWELL,142770.0
2007,acres,CHRISTIAN,346450.0
2007,acres,CRITTENDEN,160116.0
2007,acres,DAVIESS,256922.0
2007,acres,HANCOCK,63060.0
2007,acres,HENDERSON,195706.0
2007,acres,HOPKINS,159366.0
2007,acres,LOGAN,289931.0
2007,acres,MCLEAN,144193.0
2007,acres,MUHLENBERG,140834.0
2007,acres,OHIO,168602.0
2007,acres,SIMPSON,119122.0
2007,acres,TODD,197976.0
2007,acres,UNION,200839.0
2007,acres,WEBSTER,154999.0
2007,acres,ADAIR,187981.0
2007,acres,ALLEN,166663.0
2007,acres,BARREN,264717.0
2007,acres,BRECKINRIDGE,274473.0
2007,acres,BULLITT,51148.0
2007,acres,BUTLER,173965.0
2007,acres,CASEY,191609.0
2007,acres,CLINTON,91097.0
2007,acres,CUMBERLAND,103368.0
2007,acres,EDMONSON,96641.0
2007,acres,GRAYSON,216492.0
2007,acres,GREEN,145493.0
2007,acres,HARDIN,222267.0
2007,acres,HART,191047.0
2007,acres,JEFFERSON,32296.0
2007,acres,LARUE,125432.0
2007,acres,MARION,160684.0
2007,acres,MEADE,121448.0
2007,acres,METCALFE,149491.0
2007,acres,MONROE,175766.0
2007,acres,NELSON,196225.0
2007,acres,RUSSELL,93039.0
2007,acres,TAYLOR,118712.0
2007,acres,WARREN,265126.0
2007,acres,BOONE,74750.0
2007,acres,BRACKEN,100660.0
2007,acres,CAMPBELL,47335.0
2007,acres,CARROLL,63708.0
2007,acres,GALLATIN,33816.0
2007,acres,GRANT,114965.0
2007,acres,HENRY,146399.0
2007,acres,KENTON,42544.0
2007,acres,OLDHAM,60024.0
2007,acres,OWEN,157932.0
2007,acres,PENDLETON,126368.0
2007,acres,TRIMBLE,65098.0
2007,acres,ANDERSON,87617.0
2007,acres,BATH,129057.0
2007,acres,BOURBON,184323.0
2007,acres,BOYLE,94233.0
2007,acres,CLARK,149201.0
2007,acres,FAYETTE,135969.0
2007,acres,FLEMING,181608.0
2007,acres,FRANKLIN,76306.0
2007,acres,GARRARD,121673.0
2007,acres,HARRISON,161777.0
2007,acres,JESSAMINE,80116.0
2007,acres,LINCOLN,178315.0
2007,acres,MADISON,218194.0
2007,acres,MASON,139814.0
2007,acres,MERCER,141437.0
2007,acres,MONTGOMERY,106957.0
2007,acres,NICHOLAS,110198.0
2007,acres,ROBERTSON,51468.0
2007,acres,SCOTT,139044.0
2007,acres,SHELBY,205286.0
2007,acres,SPENCER,73289.0
2007,acres,WASHINGTON,162993.0
2007,acres,WOODFORD,119087.0
2007,acres,BELL,10194.0
2007,acres,BOYD,28738.0
2007,acres,BREATHITT,43540.0
2007,acres,CARTER,125503.0
2007,acres,CLAY,51194.0
2007,acres,ELLIOTT,66843.0
2007,acres,ESTILL,64780.0
2007,acres,FLOYD,7785.0
2007,acres,GREENUP,91853.0
2007,acres,HARLAN,3034.0
2007,acres,JACKSON,82614.0
2007,acres,JOHNSON,27766.0
2007,acres,KNOTT,6937.0
2007,acres,KNOX,51115.0
2007,acres,LAUREL,102489.0
2007,acres,LAWRENCE,60220.0
2007,acres,LEE,29419.0
2007,acres,LESLIE,5642.0
2007,acres,LETCHER,3617.0
2007,acres,LEWIS,146761.0
2007,acres,MCCREARY,15056.0
2007,acres,MAGOFFIN,61620.0
2007,acres,MARTIN,7110.0
2007,acres,MENIFEE,43110.0
2007,acres,MORGAN,136303.0
2007,acres,OWSLEY,35857.0
2007,acres,PERRY,10661.0
2007,acres,PIKE,14228.0
2007,acres,POWELL,32763.0
2007,acres,PULASKI,231781.0
2007,acres,ROCKCASTLE,90435.0
2007,acres,ROWAN,49963.0
2007,acres,WAYNE,142827.0
2007,acres,WHITLEY,73414.0
2007,acres,WOLFE,57701.0
2007,farms,BALLARD,481.0
2007,farms,CALLOWAY,888.0
2007,farms,CARLISLE,408.0
2007,farms,FULTON,156.0
2007,farms,GRAVES,1712.0
2007,farms,HICKMAN,340.0
2007,farms,LIVINGSTON,492.0
2007,farms,LYON,270.0
2007,farms,MCCRACKEN,483.0
2007,farms,MARSHALL,867.0
2007,farms,TRIGG,458.0
2007,farms,CALDWELL,625.0
2007,farms,CHRISTIAN,1324.0
2007,farms,CRITTENDEN,740.0
2007,farms,DAVIESS,1008.0
2007,farms,HANCOCK,383.0
2007,farms,HENDERSON,509.0
2007,farms,HOPKINS,661.0
2007,farms,LOGAN,1172.0
2007,farms,MCLEAN,419.0
2007,farms,MUHLENBERG,636.0
2007,farms,OHIO,969.0
2007,farms,SIMPSON,494.0
2007,farms,TODD,759.0
2007,farms,UNION,325.0
2007,farms,WEBSTER,556.0
2007,farms,ADAIR,1424.0
2007,farms,ALLEN,1208.0
2007,farms,BARREN,2170.0
2007,farms,BRECKINRIDGE,1509.0
2007,farms,BULLITT,519.0
2007,farms,BUTLER,778.0
2007,farms,CASEY,1286.0
2007,farms,CLINTON,629.0
2007,farms,CUMBERLAND,507.0
2007,farms,EDMONSON,712.0
2007,farms,GRAYSON,1513.0
2007,farms,GREEN,1064.0
2007,farms,HARDIN,1588.0
2007,farms,HART,1455.0
2007,farms,JEFFERSON,475.0
2007,farms,LARUE,811.0
2007,farms,MARION,1055.0
2007,farms,MEADE,887.0
2007,farms,METCALFE,964.0
2007,farms,MONROE,955.0
2007,farms,NELSON,1406.0
2007,farms,RUSSELL,805.0
2007,farms,TAYLOR,941.0
2007,farms,WARREN,1824.0
2007,farms,BOONE,682.0
2007,farms,BRACKEN,618.0
2007,farms,CAMPBELL,535.0
2007,farms,CARROLL,326.0
2007,farms,GALLATIN,204.0
2007,farms,GRANT,959.0
2007,farms,HENRY,962.0
2007,farms,KENTON,481.0
2007,farms,OLDHAM,461.0
2007,farms,OWEN,864.0
2007,farms,PENDLETON,910.0
2007,farms,TRIMBLE,489.0
2007,farms,ANDERSON,678.0
2007,farms,BATH,789.0
2007,farms,BOURBON,918.0
2007,farms,BOYLE,649.0
2007,farms,CLARK,907.0
2007,farms,FAYETTE,810.0
2007,farms,FLEMING,1129.0
2007,farms,FRANKLIN,625.0
2007,farms,GARRARD,821.0
2007,farms,HARRISON,1083.0
2007,farms,JESSAMINE,711.0
2007,farms,LINCOLN,1278.0
2007,farms,MADISON,1328.0
2007,farms,MASON,753.0
2007,farms,MERCER,1111.0
2007,farms,MONTGOMERY,685.0
2007,farms,NICHOLAS,603.0
2007,farms,ROBERTSON,289.0
2007,farms,SCOTT,930.0
2007,farms,SHELBY,1651.0
2007,farms,SPENCER,596.0
2007,farms,WASHINGTON,1119.0
2007,farms,WOODFORD,712.0
2007,farms,BELL,69.0
2007,farms,BOYD,260.0
2007,farms,BREATHITT,199.0
2007,farms,CARTER,895.0
2007,farms,CLAY,336.0
2007,farms,ELLIOTT,448.0
2007,farms,ESTILL,456.0
2007,farms,FLOYD,76.0
2007,farms,GREENUP,698.0
2007,farms,HARLAN,37.0
2007,farms,JACKSON,662.0
2007,farms,JOHNSON,198.0
2007,farms,KNOTT,46.0
2007,farms,KNOX,376.0
2007,farms,LAUREL,1012.0
2007,farms,LAWRENCE,337.0
2007,farms,LEE,186.0
2007,farms,LESLIE,23.0
2007,farms,LETCHER,66.0
2007,farms,LEWIS,673.0
2007,farms,MCCREARY,139.0
2007,farms,MAGOFFIN,470.0
2007,farms,MARTIN,19.0
2007,farms,MENIFEE,331.0
2007,farms,MORGAN,795.0
2007,farms,OWSLEY,195.0
2007,farms,PERRY,57.0
2007,farms,PIKE,70.0
2007,farms,POWELL,236.0
2007,farms,PULASKI,1808.0
2007,farms,ROCKCASTLE,727.0
2007,farms,ROWAN,386.0
2007,farms,WAYNE,781.0
2007,farms,WHITLEY,565.0
2007,farms,WOLFE,342.0
2012,acres,BALLARD,107186.0
2012,acres,CALLOWAY,176076.0
2012,acres,CARLISLE,98620.0
2012,acres,FULTON,83382.0
2012,acres,GRAVES,291813.0
2012,acres,HICKMAN,141131.0
2012,acres,LIVINGSTON,123200.0
2012,acres,LYON,41638.0
2012,acres,MCCRACKEN,67192.0
2012,acres,MARSHALL,94879.0
2012,acres,TRIGG,128997.0
2012,acres,CALDWELL,133499.0
2012,acres,CHRISTIAN,360276.0
2012,acres,CRITTENDEN,148795.0
2012,acres,DAVIESS,237234.0
2012,acres,HANCOCK,52195.0
2012,acres,HENDERSON,175914.0
2012,acres,HOPKINS,162955.0
2012,acres,LOGAN,275836.0
2012,acres,MCLEAN,124379.0
2012,acres,MUHLENBERG,128761.0
2012,acres,OHIO,158244.0
2012,acres,SIMPSON,101530.0
2012,acres,TODD,181001.0
2012,acres,UNION,194864.0
2012,acres,WEBSTER,152431.0
2012,acres,ADAIR,170177.0
2012,acres,ALLEN,145691.0
2012,acres,BARREN,248663.0
2012,acres,BRECKINRIDGE,259774.0
2012,acres,BULLITT,46149.0
2012,acres,BUTLER,152552.0
2012,acres,CASEY,179089.0
2012,acres,CLINTON,74050.0
2012,acres,CUMBERLAND,65445.0
2012,acres,EDMONSON,84989.0
2012,acres,GRAYSON,200895.0
2012,acres,GREEN,152535.0
2012,acres,HARDIN,202970.0
2012,acres,HART,182385.0
2012,acres,JEFFERSON,23088.0
2012,acres,LARUE,111975.0
2012,acres,MARION,166417.0
2012,acres,MEADE,119495.0
2012,acres,METCALFE,125293.0
2012,acres,MONROE,172276.0
2012,acres,NELSON,187755.0
2012,acres,RUSSELL,89357.0
2012,acres,TAYLOR,114568.0
2012,acres,WARREN,246708.0
2012,acres,BOONE,67211.0
2012,acres,BRACKEN,86813.0
2012,acres,CAMPBELL,42164.0
2012,acres,CARROLL,53562.0
2012,acres,GALLATIN,27783.0
2012,acres,GRANT,98372.0
2012,acres,HENRY,128509.0
2012,acres,KENTON,38144.0
2012,acres,OLDHAM,60354.0
2012,acres,OWEN,131959.0
2012,acres,PENDLETON,101299.0
2012,acres,TRIMBLE,55632.0
2012,acres,ANDERSON,81023.0
2012,acres,BATH,142253.0
2012,acres,BOURBON,183764.0
2012,acres,BOYLE,101549.0
2012,acres,CLARK,137397.0
2012,acres,FAYETTE,114857.0
2012,acres,FLEMING,183198.0
2012,acres,FRANKLIN,78536.0
2012,acres,GARRARD,127235.0
2012,acres,HARRISON,164457.0
2012,acres,JESSAMINE,83644.0
2012,acres,LINCOLN,180755.0
2012,acres,MADISON,232801.0
2012,acres,MASON,126722.0
2012,acres,MERCER,144250.0
2012,acres,MONTGOMERY,99436.0
2012,acres,NICHOLAS,102192.0
2012,acres,ROBERTSON,38823.0
2012,acres,SCOTT,127479.0
2012,acres,SHELBY,199341.0
2012,acres,SPENCER,69125.0
2012,acres,WASHINGTON,140948.0
2012,acres,WOODFORD,111917.0
2012,acres,BELL,8065.0
2012,acres,BOYD,21800.0
2012,acres,BREATHITT,22224.0
2012,acres,CARTER,105842.0
2012,acres,CLAY,35124.0
2012,acres,ELLIOTT,56336.0
2012,acres,ESTILL,52286.0
2012,acres,FLOYD,8160.0
2012,acres,GREENUP,78632.0
2012,acres,HARLAN,6265.0
2012,acres,JACKSON,77803.0
2012,acres,JOHNSON,24296.0
2012,acres,KNOTT,6743.0
2012,acres,KNOX,33531.0
2012,acres,LAUREL,96054.0
2012,acres,LAWRENCE,41681.0
2012,acres,LEE,22221.0
2012,acres,LESLIE,
2012,acres,LETCHER,2876.0
2012,acres,LEWIS,117955.0
2012,acres,MCCREARY,18093.0
2012,acres,MAGOFFIN,44451.0
2012,acres,MARTIN,
2012,acres,MENIFEE,40962.0
2012,acres,MORGAN,118797.0
2012,acres,OWSLEY,27560.0
2012,acres,PERRY,10953.0
2012,acres,PIKE,13387.0
2012,acres,POWELL,30055.0
2012,acres,PULASKI,228187.0
2012,acres,ROCKCASTLE,90856.0
2012,acres,ROWAN,42255.0
2012,acres,WAYNE,128683.0
2012,acres,WHITLEY,58423.0
2012,acres,WOLFE,42454.0
2012,farms,BALLARD,408.0
2012,farms,CALLOWAY,821.0
2012,farms,CARLISLE,325.0
2012,farms,FULTON,178.0
2012,farms,GRAVES,1442.0
2012,farms,HICKMAN,298.0
2012,farms,LIVINGSTON,403.0
2012,farms,LYON,219.0
2012,farms,MCCRACKEN,447.0
2012,farms,MARSHALL,719.0
2012,farms,TRIGG,397.0
2012,farms,CALDWELL,538.0
2012,farms,CHRISTIAN,1179.0
2012,farms,CRITTENDEN,592.0
2012,farms,DAVIESS,837.0
2012,farms,HANCOCK,350.0
2012,farms,HENDERSON,465.0
2012,farms,HOPKINS,731.0
2012,farms,LOGAN,1060.0
2012,farms,MCLEAN,413.0
2012,farms,MUHLENBERG,630.0
2012,farms,OHIO,944.0
2012,farms,SIMPSON,467.0
2012,farms,TODD,603.0
2012,farms,UNION,310.0
2012,farms,WEBSTER,500.0
2012,farms,ADAIR,1243.0
2012,farms,ALLEN,1080.0
2012,farms,BARREN,1869.0
2012,farms,BRECKINRIDGE,1304.0
2012,farms,BULLITT,488.0
2012,farms,BUTLER,697.0
2012,farms,CASEY,1118.0
2012,farms,CLINTON,508.0
2012,farms,CUMBERLAND,371.0
2012,farms,EDMONSON,638.0
2012,farms,GRAYSON,1407.0
2012,farms,GREEN,1050.0
2012,farms,HARDIN,1357.0
2012,farms,HART,1372.0
2012,farms,JEFFERSON,382.0
2012,farms,LARUE,720.0
2012,farms,MARION,1016.0
2012,farms,MEADE,754.0
2012,farms,METCALFE,924.0
2012,farms,MONROE,858.0
2012,farms,NELSON,1326.0
2012,farms,RUSSELL,726.0
2012,farms,TAYLOR,874.0
2012,farms,WARREN,1648.0
2012,farms,BOONE,608.0
2012,farms,BRACKEN,587.0
2012,farms,CAMPBELL,504.0
2012,farms,CARROLL,278.0
2012,farms,GALLATIN,185.0
2012,farms,GRANT,812.0
2012,farms,HENRY,869.0
2012,farms,KENTON,459.0
2012,farms,OLDHAM,419.0
2012,farms,OWEN,701.0
2012,farms,PENDLETON,810.0
2012,farms,TRIMBLE,439.0
2012,farms,ANDERSON,676.0
2012,farms,BATH,690.0
2012,farms,BOURBON,907.0
2012,farms,BOYLE,620.0
2012,farms,CLARK,883.0
2012,farms,FAYETTE,718.0
2012,farms,FLEMING,1087.0
2012,farms,FRANKLIN,579.0
2012,farms,GARRARD,805.0
2012,farms,HARRISON,1064.0
2012,farms,JESSAMINE,668.0
2012,farms,LINCOLN,1202.0
2012,farms,MADISON,1219.0
2012,farms,MASON,634.0
2012,farms,MERCER,1067.0
2012,farms,MONTGOMERY,609.0
2012,farms,NICHOLAS,570.0
2012,farms,ROBERTSON,251.0
2012,farms,SCOTT,838.0
2012,farms,SHELBY,1518.0
2012,farms,SPENCER,529.0
2012,farms,WASHINGTON,1011.0
2012,farms,WOODFORD,713.0
2012,farms,BELL,81.0
2012,farms,BOYD,214.0
2012,farms,BREATHITT,120.0
2012,farms,CARTER,786.0
2012,farms,CLAY,243.0
2012,farms,ELLIOTT,389.0
2012,farms,ESTILL,380.0
2012,farms,FLOYD,87.0
2012,farms,GREENUP,604.0
2012,farms,HARLAN,34.0
2012,farms,JACKSON,588.0
2012,farms,JOHNSON,196.0
2012,farms,KNOTT,42.0
2012,farms,KNOX,243.0
2012,farms,LAUREL,1006.0
2012,farms,LAWRENCE,291.0
2012,farms,LEE,142.0
2012,farms,LESLIE,15.0
2012,farms,LETCHER,54.0
2012,farms,LEWIS,676.0
2012,farms,MCCREARY,155.0
2012,farms,MAGOFFIN,361.0
2012,farms,MARTIN,20.0
2012,farms,MENIFEE,294.0
2012,farms,MORGAN,694.0
2012,farms,OWSLEY,163.0
2012,farms,PERRY,49.0
2012,farms,PIKE,56.0
2012,farms,POWELL,229.0
2012,farms,PULASKI,1713.0
2012,farms,ROCKCASTLE,677.0
2012,farms,ROWAN,356.0
2012,farms,WAYNE,778.0
2012,farms,WHITLEY,496.0
2012,farms,WOLFE,297.0
2017,acres,BALLARD,94340.0
2017,acres,CALLOWAY,135521.0
2017,acres,CARLISLE,88015.0
2017,acres,FULTON,97615.0
2017,acres,GRAVES,251192.0
2017,acres,HICKMAN,118474.0
2017,acres,LIVINGSTON,121680.0
2017,acres,LYON,32681.0
2017,acres,MCCRACKEN,62082.0
2017,acres,MARSHALL,84676.0
2017,acres,TRIGG,122172.0
2017,acres,CALDWELL,130160.0
2017,acres,CHRISTIAN,345581.0
2017,acres,CRITTENDEN,157946.0
2017,acres,DAVIESS,237989.0
2017,acres,HANCOCK,47726.0
2017,acres,HENDERSON,180644.0
2017,acres,HOPKINS,146376.0
2017,acres,LOGAN,276309.0
2017,acres,MCLEAN,129310.0
2017,acres,MUHLENBERG,127522.0
2017,acres,OHIO,157657.0
2017,acres,SIMPSON,110864.0
2017,acres,TODD,167953.0
2017,acres,UNION,194630.0
2017,acres,WEBSTER,162994.0
2017,acres,ADAIR,172062.0
2017,acres,ALLEN,168697.0
2017,acres,BARREN,253834.0
2017,acres,BRECKINRIDGE,275105.0
2017,acres,BULLITT,44420.0
2017,acres,BUTLER,146810.0
2017,acres,CASEY,179257.0
2017,acres,CLINTON,65153.0
2017,acres,CUMBERLAND,81568.0
2017,acres,EDMONSON,81589.0
2017,acres,GRAYSON,212343.0
2017,acres,GREEN,156259.0
2017,acres,HARDIN,199201.0
2017,acres,HART,169771.0
2017,acres,JEFFERSON,20225.0
2017,acres,LARUE,110371.0
2017,acres,MARION,162949.0
2017,acres,MEADE,141054.0
2017,acres,METCALFE,138477.0
2017,acres,MONROE,159857.0
2017,acres,NELSON,213534.0
2017,acres,RUSSELL,92485.0
2017,acres,TAYLOR,111756.0
2017,acres,WARREN,262198.0
2017,acres,BOONE,78754.0
2017,acres,BRACKEN,86844.0
2017,acres,CAMPBELL,46094.0
2017,acres,CARROLL,50908.0
2017,acres,GALLATIN,32510.0
2017,acres,GRANT,96780.0
2017,acres,HENRY,131006.0
2017,acres,KENTON,36731.0
2017,acres,OLDHAM,51467.0
2017,acres,OWEN,157396.0
2017,acres,PENDLETON,111314.0
2017,acres,TRIMBLE,65954.0
2017,acres,ANDERSON,81868.0
2017,acres,BATH,127159.0
2017,acres,BOURBON,170872.0
2017,acres,BOYLE,88642.0
2017,acres,CLARK,147283.0
2017,acres,FAYETTE,114624.0
2017,acres,FLEMING,171481.0
2017,acres,FRANKLIN,74568.0
2017,acres,GARRARD,141016.0
2017,acres,HARRISON,167635.0
2017,acres,JESSAMINE,76259.0
2017,acres,LINCOLN,163249.0
2017,acres,MADISON,229824.0
2017,acres,MASON,132113.0
2017,acres,MERCER,136446.0
2017,acres,MONTGOMERY,103033.0
2017,acres,NICHOLAS,92873.0
2017,acres,ROBERTSON,42256.0
2017,acres,SCOTT,130586.0
2017,acres,SHELBY,200875.0
2017,acres,SPENCER,74197.0
2017,acres,WASHINGTON,161449.0
2017,acres,WOODFORD,112190.0
2017,acres,BELL,15103.0
2017,acres,BOYD,19470.0
2017,acres,BREATHITT,23196.0
2017,acres,CARTER,91991.0
2017,acres,CLAY,44356.0
2017,acres,ELLIOTT,54996.0
2017,acres,ESTILL,53102.0
2017,acres,FLOYD,9141.0
2017,acres,GREENUP,73753.0
2017,acres,HARLAN,6748.0
2017,acres,JACKSON,75203.0
2017,acres,JOHNSON,22007.0
2017,acres,KNOTT,12748.0
2017,acres,KNOX,38722.0
2017,acres,LAUREL,89692.0
2017,acres,LAWRENCE,51216.0
2017,acres,LEE,25073.0
2017,acres,LESLIE,1649.0
2017,acres,LETCHER,5623.0
2017,acres,LEWIS,117417.0
2017,acres,MCCREARY,18321.0
2017,acres,MAGOFFIN,43788.0
2017,acres,MARTIN,11039.0
2017,acres,MENIFEE,35362.0
2017,acres,MORGAN,106529.0
2017,acres,OWSLEY,29144.0
2017,acres,PERRY,16352.0
2017,acres,PIKE,19478.0
2017,acres,POWELL,27998.0
2017,acres,PULASKI,226188.0
2017,acres,ROCKCASTLE,80706.0
2017,acres,ROWAN,39565.0
2017,acres,WAYNE,96079.0
2017,acres,WHITLEY,58983.0
2017,acres,WOLFE,33706.0
2017,farms,BALLARD,295.0
2017,farms,CALLOWAY,710.0
2017,farms,CARLISLE,273.0
2017,farms,FULTON,146.0
2017,farms,GRAVES,1104.0
2017,farms,HICKMAN,246.0
2017,farms,LIVINGSTON,365.0
2017,farms,LYON,208.0
2017,farms,MCCRACKEN,318.0
2017,farms,MARSHALL,699.0
2017,farms,TRIGG,405.0
2017,farms,CALDWELL,475.0
2017,farms,CHRISTIAN,1137.0
2017,farms,CRITTENDEN,575.0
2017,farms,DAVIESS,919.0
2017,farms,HANCOCK,321.0
2017,farms,HENDERSON,458.0
2017,farms,HOPKINS,656.0
2017,farms,LOGAN,1078.0
2017,farms,MCLEAN,439.0
2017,farms,MUHLENBERG,549.0
2017,farms,OHIO,813.0
2017,farms,SIMPSON,471.0
2017,farms,TODD,593.0
2017,farms,UNION,284.0
2017,farms,WEBSTER,499.0
2017,farms,ADAIR,1154.0
2017,farms,ALLEN,1127.0
2017,farms,BARREN,1899.0
2017,farms,BRECKINRIDGE,1357.0
2017,farms,BULLITT,486.0
2017,farms,BUTLER,642.0
2017,farms,CASEY,1106.0
2017,farms,CLINTON,512.0
2017,farms,CUMBERLAND,395.0
2017,farms,EDMONSON,578.0
2017,farms,GRAYSON,1339.0
2017,farms,GREEN,1004.0
2017,farms,HARDIN,1305.0
2017,farms,HART,1287.0
2017,farms,JEFFERSON,343.0
2017,farms,LARUE,718.0
2017,farms,MARION,954.0
2017,farms,MEADE,781.0
2017,farms,METCALFE,945.0
2017,farms,MONROE,765.0
2017,farms,NELSON,1434.0
2017,farms,RUSSELL,672.0
2017,farms,TAYLOR,803.0
2017,farms,WARREN,1755.0
2017,farms,BOONE,721.0
2017,farms,BRACKEN,531.0
2017,farms,CAMPBELL,577.0
2017,farms,CARROLL,308.0
2017,farms,GALLATIN,235.0
2017,farms,GRANT,811.0
2017,farms,HENRY,771.0
2017,farms,KENTON,506.0
2017,farms,OLDHAM,466.0
2017,farms,OWEN,821.0
2017,farms,PENDLETON,919.0
2017,farms,TRIMBLE,469.0
2017,farms,ANDERSON,774.0
2017,farms,BATH,728.0
2017,farms,BOURBON,915.0
2017,farms,BOYLE,602.0
2017,farms,CLARK,871.0
2017,farms,FAYETTE,622.0
2017,farms,FLEMING,1013.0
2017,farms,FRANKLIN,599.0
2017,farms,GARRARD,793.0
2017,farms,HARRISON,1138.0
2017,farms,JESSAMINE,671.0
2017,farms,LINCOLN,1090.0
2017,farms,MADISON,1187.0
2017,farms,MASON,680.0
2017,farms,MERCER,1108.0
2017,farms,MONTGOMERY,659.0
2017,farms,NICHOLAS,556.0
2017,farms,ROBERTSON,245.0
2017,farms,SCOTT,851.0
2017,farms,SHELBY,1548.0
2017,farms,SPENCER,606.0
2017,farms,WASHINGTON,1102.0
2017,farms,WOODFORD,689.0
2017,farms,BELL,110.0
2017,farms,BOYD,203.0
2017,farms,BREATHITT,160.0
2017,farms,CARTER,718.0
2017,farms,CLAY,233.0
2017,farms,ELLIOTT,363.0
2017,farms,ESTILL,367.0
2017,farms,FLOYD,136.0
2017,farms,GREENUP,584.0
2017,farms,HARLAN,39.0
2017,farms,JACKSON,551.0
2017,farms,JOHNSON,224.0
2017,farms,KNOTT,62.0
2017,farms,KNOX,336.0
2017,farms,LAUREL,955.0
2017,farms,LAWRENCE,284.0
2017,farms,LEE,144.0
2017,farms,LESLIE,26.0
2017,farms,LETCHER,103.0
2017,farms,LEWIS,550.0
2017,farms,MCCREARY,173.0
2017,farms,MAGOFFIN,335.0
2017,farms,MARTIN,30.0
2017,farms,MENIFEE,283.0
2017,farms,MORGAN,657.0
2017,farms,OWSLEY,153.0
2017,farms,PERRY,63.0
2017,farms,PIKE,85.0
2017,farms,POWELL,194.0
2017,farms,PULASKI,1704.0
2017,farms,ROCKCASTLE,681.0
2017,farms,ROWAN,329.0
2017,farms,WAYNE,710.0
2017,farms,WHITLEY,548.0
2017,farms,WOLFE,294.0
2022,acres,BALLARD,93696.0
2022,acres,CALLOWAY,143172.0
2022,acres,CARLISLE,107565.0
2022,acres,FULTON,91864.0
2022,acres,GRAVES,255830.0
2022,acres,HICKMAN,111590.0
2022,acres,LIVINGSTON,144892.0
2022,acres,LYON,35222.0
2022,acres,MCCRACKEN,59709.0
2022,acres,MARSHALL,89160.0
2022,acres,TRIGG,100908.0
2022,acres,CALDWELL,122775.0
2022,acres,CHRISTIAN,345270.0
2022,acres,CRITTENDEN,133842.0
2022,acres,DAVIESS,271336.0
2022,acres,HANCOCK,48270.0
2022,acres,HENDERSON,180679.0
2022,acres,HOPKINS,219888.0
2022,acres,LOGAN,266727.0
2022,acres,MCLEAN,113120.0
2022,acres,MUHLENBERG,129431.0
2022,acres,OHIO,138638.0
2022,acres,SIMPSON,109458.0
2022,acres,TODD,187183.0
2022,acres,UNION,219151.0
2022,acres,WEBSTER,184753.0
2022,acres,ADAIR,142751.0
2022,acres,ALLEN,136286.0
2022,acres,BARREN,230539.0
2022,acres,BRECKINRIDGE,244558.0
2022,acres,BULLITT,29789.0
2022,acres,BUTLER,172711.0
2022,acres,CASEY,188753.0
2022,acres,CLINTON,56133.0
2022,acres,CUMBERLAND,92797.0
2022,acres,EDMONSON,86574.0
2022,acres,GRAYSON,232159.0
2022,acres,GREEN,145130.0
2022,acres,HARDIN,188728.0
2022,acres,HART,169858.0
2022,acres,JEFFERSON,13266.0
2022,acres,LARUE,111006.0
2022,acres,MARION,168205.0
2022,acres,MEADE,126388.0
2022,acres,METCALFE,124964.0
2022,acres,MONROE,148753.0
2022,acres,NELSON,157488.0
2022,acres,RUSSELL,99006.0
2022,acres,TAYLOR,89598.0
2022,acres,WARREN,234924.0
2022,acres,BOONE,71293.0
2022,acres,BRACKEN,90102.0
2022,acres,CAMPBELL,38744.0
2022,acres,CARROLL,44115.0
2022,acres,GALLATIN,26928.0
2022,acres,GRANT,84737.0
2022,acres,HENRY,126077.0
2022,acres,KENTON,28810.0
2022,acres,OLDHAM,55910.0
2022,acres,OWEN,136342.0
2022,acres,PENDLETON,91304.0
2022,acres,TRIMBLE,51335.0
2022,acres,ANDERSON,59410.0
2022,acres,BATH,124643.0
2022,acres,BOURBON,183749.0
2022,acres,BOYLE,96306.0
2022,acres,CLARK,135849.0
2022,acres,FAYETTE,124247.0
2022,acres,FLEMING,157806.0
2022,acres,FRANKLIN,63623.0
2022,acres,GARRARD,108923.0
2022,acres,HARRISON,164233.0
2022,acres,JESSAMINE,71771.0
2022,acres,LINCOLN,147519.0
2022,acres,MADISON,191746.0
2022,acres,MASON,98439.0
2022,acres,MERCER,142272.0
2022,acres,MONTGOMERY,67199.0
2022,acres,NICHOLAS,76674.0
2022,acres,ROBERTSON,24757.0
2022,acres,SCOTT,114772.0
2022,acres,SHELBY,160081.0
2022,acres,SPENCER,58547.0
2022,acres,WASHINGTON,148205.0
2022,acres,WOODFORD,103650.0
2022,acres,BELL,20545.0
2022,acres,BOYD,23843.0
2022,acres,BREATHITT,33617.0
2022,acres,CARTER,82568.0
2022,acres,CLAY,38581.0
2022,acres,ELLIOTT,41226.0
2022,acres,ESTILL,49684.0
2022,acres,FLOYD,6898.0
2022,acres,GREENUP,72288.0
2022,acres,HARLAN,10233.0
2022,acres,JACKSON,77791.0
2022,acres,JOHNSON,24320.0
2022,acres,KNOTT,9659.0
2022,acres,KNOX,32034.0
2022,acres,LAUREL,79761.0
2022,acres,LAWRENCE,54526.0
2022,acres,LEE,29469.0
2022,acres,LESLIE,26893.0
2022,acres,LETCHER,4912.0
2022,acres,LEWIS,123357.0
2022,acres,MCCREARY,17956.0
2022,acres,MAGOFFIN,59378.0
2022,acres,MARTIN,9488.0
2022,acres,MENIFEE,24724.0
2022,acres,MORGAN,90351.0
2022,acres,OWSLEY,21686.0
2022,acres,PERRY,13549.0
2022,acres,PIKE,19397.0
2022,acres,POWELL,26880.0
2022,acres,PULASKI,200962.0
2022,acres,ROCKCASTLE,90816.0
2022,acres,ROWAN,35111.0
2022,acres,WAYNE,114107.0
2022,acres,WHITLEY,62190.0
2022,acres,WOLFE,37779.0
2022,farms,BALLARD,307.0
2022,farms,CALLOWAY,821.0
2022,farms,CARLISLE,248.0
2022,farms,FULTON,175.0
2022,farms,GRAVES,1129.0
2022,farms,HICKMAN,226.0
2022,farms,LIVINGSTON,360.0
2022,farms,LYON,158.0
2022,farms,MCCRACKEN,339.0
2022,farms,MARSHALL,787.0
2022,farms,TRIGG,406.0
2022,farms,CALDWELL,441.0
2022,farms,CHRISTIAN,1095.0
2022,farms,CRITTENDEN,512.0
2022,farms,DAVIESS,974.0
2022,farms,HANCOCK,328.0
2022,farms,HENDERSON,438.0
2022,farms,HOPKINS,623.0
2022,farms,LOGAN,1017.0
2022,farms,MCLEAN,346.0
2022,farms,MUHLENBERG,583.0
2022,farms,OHIO,746.0
2022,farms,SIMPSON,400.0
2022,farms,TODD,551.0
2022,farms,UNION,290.0
2022,farms,WEBSTER,502.0
2022,farms,ADAIR,1074.0
2022,farms,ALLEN,906.0
2022,farms,BARREN,1621.0
2022,farms,BRECKINRIDGE,1249.0
2022,farms,BULLITT,420.0
2022,farms,BUTLER,648.0
2022,farms,CASEY,975.0
2022,farms,CLINTON,374.0
2022,farms,CUMBERLAND,409.0
2022,farms,EDMONSON,552.0
2022,farms,GRAYSON,1283.0
2022,farms,GREEN,902.0
2022,farms,HARDIN,1255.0
2022,farms,HART,1283.0
2022,farms,JEFFERSON,264.0
2022,farms,LARUE,701.0
2022,farms,MARION,955.0
2022,farms,MEADE,731.0
2022,farms,METCALFE,799.0
2022,farms,MONROE,674.0
2022,farms,NELSON,1241.0
2022,farms,RUSSELL,639.0
2022,farms,TAYLOR,663.0
2022,farms,WARREN,1530.0
2022,farms,BOONE,727.0
2022,farms,BRACKEN,557.0
2022,farms,CAMPBELL,493.0
2022,farms,CARROLL,226.0
2022,farms,GALLATIN,157.0
2022,farms,GRANT,787.0
2022,farms,HENRY,719.0
2022,farms,KENTON,453.0
2022,farms,OLDHAM,410.0
2022,farms,OWEN,674.0
2022,farms,PENDLETON,878.0
2022,farms,TRIMBLE,393.0
2022,farms,ANDERSON,705.0
2022,farms,BATH,626.0
2022,farms,BOURBON,846.0
2022,farms,BOYLE,491.0
2022,farms,CLARK,804.0
2022,farms,FAYETTE,682.0
2022,farms,FLEMING,898.0
2022,farms,FRANKLIN,532.0
2022,farms,GARRARD,647.0
2022,farms,HARRISON,1051.0
2022,farms,JESSAMINE,619.0
2022,farms,LINCOLN,984.0
2022,farms,MADISON,1164.0
2022,farms,MASON,541.0
2022,farms,MERCER,978.0
2022,farms,MONTGOMERY,528.0
2022,farms,NICHOLAS,467.0
2022,farms,ROBERTSON,163.0
2022,farms,SCOTT,781.0
2022,farms,SHELBY,1350.0
2022,farms,SPENCER,578.0
2022,farms,WASHINGTON,998.0
2022,farms,WOODFORD,688.0
2022,farms,BELL,77.0
2022,farms,BOYD,187.0
2022,farms,BREATHITT,150.0
2022,farms,CARTER,681.0
2022,farms,CLAY,178.0
2022,farms,ELLIOTT,310.0
2022,farms,ESTILL,349.0
2022,farms,FLOYD,61.0
2022,farms,GREENUP,475.0
2022,farms,HARLAN,37.0
2022,farms,JACKSON,460.0
2022,farms,JOHNSON,199.0
2022,farms,KNOTT,49.0
2022,farms,KNOX,293.0
2022,farms,LAUREL,871.0
2022,farms,LAWRENCE,255.0
2022,farms,LEE,127.0
2022,farms,LESLIE,23.0
2022,farms,LETCHER,71.0
2022,farms,LEWIS,489.0
2022,farms,MCCREARY,171.0
2022,farms,MAGOFFIN,316.0
2022,farms,MARTIN,21.0
2022,farms,MENIFEE,213.0
2022,farms,MORGAN,560.0
2022,farms,OWSLEY,84.0
2022,farms,PERRY,53.0
2022,farms,PIKE,66.0
2022,farms,POWELL,165.0
2022,farms,PULASKI,1600.0
2022,farms,ROCKCASTLE,585.0
2022,farms,ROWAN,277.0
2022,farms,WAYNE,708.0
2022,farms,WHITLEY,476.0
2022,farms,WOLFE,243.0
2002,acres,BALLARD,113017.0
2002,acres,CALLOWAY,169407.0
2002,acres,CARLISLE,107446.0
2002,acres,FULTON,112130.0
2002,acres,GRAVES,299620.0
2002,acres,HICKMAN,125273.0
2002,acres,LIVINGSTON,145822.0
2002,acres,LYON,56411.0
2002,acres,MCCRACKEN,85459.0
2002,acres,MARSHALL,120512.0
2002,acres,TRIGG,122943.0
2002,acres,CALDWELL,147207.0
2002,acres,CHRISTIAN,342180.0
2002,acres,CRITTENDEN,156656.0
2002,acres,DAVIESS,254332.0
2002,acres,HANCOCK,68868.0
2002,acres,HENDERSON,192264.0
2002,acres,HOPKINS,164163.0
2002,acres,LOGAN,275877.0
2002,acres,MCLEAN,128912.0
2002,acres,MUHLENBERG,138376.0
2002,acres,OHIO,167077.0
2002,acres,SIMPSON,127911.0
2002,acres,TODD,183972.0
2002,acres,UNION,208908.0
2002,acres,WEBSTER,159496.0
2002,acres,ADAIR,170407.0
2002,acres,ALLEN,167902.0
2002,acres,BARREN,240440.0
2002,acres,BRECKINRIDGE,276456.0
2002,acres,BULLITT,61342.0
2002,acres,BUTLER,161712.0
2002,acres,CASEY,190585.0
2002,acres,CLINTON,71673.0
2002,acres,CUMBERLAND,89389.0
2002,acres,EDMONSON,93661.0
2002,acres,GRAYSON,233136.0
2002,acres,GREEN,134903.0
2002,acres,HARDIN,239740.0
2002,acres,HART,194676.0
2002,acres,JEFFERSON,41061.0
2002,acres,LARUE,134410.0
2002,acres,MARION,171252.0
2002,acres,MEADE,134771.0
2002,acres,METCALFE,131990.0
2002,acres,MONROE,162481.0
2002,acres,NELSON,189104.0
2002,acres,RUSSELL,97195.0
2002,acres,TAYLOR,112317.0
2002,acres,WARREN,255154.0
2002,acres,BOONE,74915.0
2002,acres,BRACKEN,94393.0
2002,acres,CAMPBELL,50383.0
2002,acres,CARROLL,61122.0
2002,acres,GALLATIN,37595.0
2002,acres,GRANT,116454.0
2002,acres,HENRY,141592.0
2002,acres,KENTON,46479.0
2002,acres,OLDHAM,62561.0
2002,acres,OWEN,154787.0
2002,acres,PENDLETON,132402.0
2002,acres,TRIMBLE,64528.0
2002,acres,ANDERSON,83857.0
2002,acres,BATH,107574.0
2002,acres,BOURBON,184580.0
2002,acres,BOYLE,98617.0
2002,acres,CLARK,143171.0
2002,acres,FAYETTE,119098.0
2002,acres,FLEMING,183585.0
2002,acres,FRANKLIN,82056.0
2002,acres,GARRARD,120022.0
2002,acres,HARRISON,158980.0
2002,acres,JESSAMINE,82328.0
2002,acres,LINCOLN,171276.0
2002,acres,MADISON,218304.0
2002,acres,MASON,128123.0
2002,acres,MERCER,133692.0
2002,acres,MONTGOMERY,90951.0
2002,acres,NICHOLAS,105524.0
2002,acres,ROBERTSON,43061.0
2002,acres,SCOTT,137356.0
2002,acres,SHELBY,201667.0
2002,acres,SPENCER,77525.0
2002,acres,WASHINGTON,149739.0
2002,acres,WOODFORD,123070.0
2002,acres,BELL,6900.0
2002,acres,BOYD,33512.0
2002,acres,BREATHITT,51179.0
2002,acres,CARTER,120382.0
2002,acres,CLAY,55240.0
2002,acres,ELLIOTT,56035.0
2002,acres,ESTILL,64105.0
2002,acres,FLOYD,6723.0
2002,acres,GREENUP,103170.0
2002,acres,HARLAN,1852.0
2002,acres,JACKSON,82215.0
2002,acres,JOHNSON,23830.0
2002,acres,KNOTT,4485.0
2002,acres,KNOX,41464.0
2002,acres,LAUREL,107582.0
2002,acres,LAWRENCE,57021.0
2002,acres,LEE,23450.0
2002,acres,LESLIE,3479.0
2002,acres,LETCHER,2869.0
2002,acres,LEWIS,143886.0
2002,acres,MCCREARY,14894.0
2002,acres,MAGOFFIN,45509.0
2002,acres,MARTIN,4739.0
2002,acres,MENIFEE,37012.0
2002,acres,MORGAN,115559.0
2002,acres,OWSLEY,32996.0
2002,acres,PERRY,7064.0
2002,acres,PIKE,7194.0
2002,acres,POWELL,37516.0
2002,acres,PULASKI,232129.0
2002,acres,ROCKCASTLE,94186.0
2002,acres,ROWAN,50825.0
2002,acres,WAYNE,139311.0
2002,acres,WHITLEY,64370.0
2002,acres,WOLFE,59660.0
2002,farms,BALLARD,486.0
2002,farms,CALLOWAY,819.0
2002,farms,CARLISLE,380.0
2002,farms,FULTON,193.0
2002,farms,GRAVES,1712.0
2002,farms,HICKMAN,347.0
2002,farms,LIVINGSTON,518.0
2002,farms,LYON,304.0
2002,farms,MCCRACKEN,531.0
2002,farms,MARSHALL,902.0
2002,farms,TRIGG,425.0
2002,farms,CALDWELL,673.0
2002,farms,CHRISTIAN,1267.0
2002,farms,CRITTENDEN,698.0
2002,farms,DAVIESS,1062.0
2002,farms,HANCOCK,418.0
2002,farms,HENDERSON,525.0
2002,farms,HOPKINS,678.0
2002,farms,LOGAN,1212.0
2002,farms,MCLEAN,413.0
2002,farms,MUHLENBERG,667.0
2002,farms,OHIO,1006.0
2002,farms,SIMPSON,550.0
2002,farms,TODD,676.0
2002,farms,UNION,328.0
2002,farms,WEBSTER,595.0
2002,farms,ADAIR,1395.0
2002,farms,ALLEN,1191.0
2002,farms,BARREN,2021.0
2002,farms,BRECKINRIDGE,1443.0
2002,farms,BULLITT,616.0
2002,farms,BUTLER,729.0
2002,farms,CASEY,1353.0
2002,farms,CLINTON,629.0
2002,farms,CUMBERLAND,473.0
2002,farms,EDMONSON,670.0
2002,farms,GRAYSON,1650.0
2002,farms,GREEN,1134.0
2002,farms,HARDIN,1732.0
2002,farms,HART,1392.0
2002,farms,JEFFERSON,526.0
2002,farms,LARUE,888.0
2002,farms,MARION,1054.0
2002,farms,MEADE,955.0
2002,farms,METCALFE,950.0
2002,farms,MONROE,980.0
2002,farms,NELSON,1407.0
2002,farms,RUSSELL,930.0
2002,farms,TAYLOR,957.0
2002,farms,WARREN,1881.0
2002,farms,BOONE,743.0
2002,farms,BRACKEN,639.0
2002,farms,CAMPBELL,581.0
2002,farms,CARROLL,339.0
2002,farms,GALLATIN,247.0
2002,farms,GRANT,1020.0
2002,farms,HENRY,883.0
2002,farms,KENTON,495.0
2002,farms,OLDHAM,481.0
2002,farms,OWEN,788.0
2002,farms,PENDLETON,964.0
2002,farms,TRIMBLE,562.0
2002,farms,ANDERSON,748.0
2002,farms,BATH,692.0
2002,farms,BOURBON,913.0
2002,farms,BOYLE,715.0
2002,farms,CLARK,861.0
2002,farms,FAYETTE,738.0
2002,farms,FLEMING,1071.0
2002,farms,FRANKLIN,689.0
2002,farms,GARRARD,873.0
2002,farms,HARRISON,1085.0
2002,farms,JESSAMINE,770.0
2002,farms,LINCOLN,1275.0
2002,farms,MADISON,1396.0
2002,farms,MASON,726.0
2002,farms,MERCER,1086.0
2002,farms,MONTGOMERY,676.0
2002,farms,NICHOLAS,582.0
2002,farms,ROBERTSON,247.0
2002,farms,SCOTT,848.0
2002,farms,SHELBY,1557.0
2002,farms,SPENCER,623.0
2002,farms,WASHINGTON,1119.0
2002,farms,WOODFORD,708.0
2002,farms,BELL,63.0
2002,farms,BOYD,274.0
2002,farms,BREATHITT,209.0
2002,farms,CARTER,925.0
2002,farms,CLAY,386.0
2002,farms,ELLIOTT,427.0
2002,farms,ESTILL,457.0
2002,farms,FLOYD,68.0
2002,farms,GREENUP,728.0
2002,farms,HARLAN,23.0
2002,farms,JACKSON,727.0
2002,farms,JOHNSON,195.0
2002,farms,KNOTT,22.0
2002,farms,KNOX,347.0
2002,farms,LAUREL,1137.0
2002,farms,LAWRENCE,318.0
2002,farms,LEE,173.0
2002,farms,LESLIE,20.0
2002,farms,LETCHER,46.0
2002,farms,LEWIS,733.0
2002,farms,MCCREARY,154.0
2002,farms,MAGOFFIN,345.0
2002,farms,MARTIN,13.0
2002,farms,MENIFEE,334.0
2002,farms,MORGAN,804.0
2002,farms,OWSLEY,227.0
2002,farms,PERRY,44.0
2002,farms,PIKE,45.0
2002,farms,POWELL,239.0
2002,farms,PULASKI,1977.0
2002,farms,ROCKCASTLE,803.0
2002,farms,ROWAN,436.0
2002,farms,WAYNE,860.0
2002,farms,WHITLEY,530.0
2002,farms,WOLFE,371.0
