county,origin,acres_chg_prior,farms_chg_prior,size_chg_prior,log_acres,log_farms,avg_size,acres_chg_next
ADAIR,2012,-9.471169958666035,-12.71067415730337,3.7112260489618567,12.0445943508547,7.1252830915107115,136.90828640386164,1.1076702492111155
ALLEN,2012,-12.583476836490403,-10.596026490066226,-2.2230000171114974,11.889243219513565,6.984716320118266,134.89907407407406,15.790954829056018
ANDERSON,2012,-7.525936747434859,-0.2949852507374631,-7.25234484432076,11.302488343965512,6.516193076042964,119.85650887573965,1.0429137405428088
BALLARD,2012,-2.7341445929636383,-15.176715176715177,14.668814830354135,11.58232092207538,6.0112671744041615,262.71078431372547,-11.984774130949937
BARREN,2012,-6.064589731675714,-13.870967741935484,9.063584955732324,12.423853845100764,7.533158807455563,133.04601391118246,2.079521279804394
BATH,2012,10.22493936787621,-12.547528517110266,26.03982197283236,11.865362441397126,6.536691597591305,206.16376811594202,-10.610672534146907
BELL,2012,-20.88483421620561,17.391304347826086,-32.60559951750848,8.99528899055931,4.394449154672439,99.5679012345679,87.26596404215748
BOONE,2012,-10.08561872909699,-10.850439882697946,0.8579079387431684,11.115592203591607,6.410174881966167,110.54440789473684,17.174272068560207
BOURBON,2012,-0.3032719736549427,-1.1982570806100217,0.9058393916039202,12.121407604648926,6.810142450115136,202.606394707828,-7.0155199059663484
BOYD,2012,-24.142250678544087,-17.692307692307693,-7.836379329072258,9.98966524877718,5.365976015021851,101.86915887850468,-10.688073394495413
BOYLE,2012,7.763734572814195,-4.468412942989214,12.804296351220012,11.528296719594216,6.429719478039138,163.78870967741935,-12.710120237520803
BRACKEN,2012,-13.756209020464933,-5.016181229773463,-9.201596549654735,11.371511659019351,6.375024819828097,147.89267461669505,0.035708937601511295
BREATHITT,2012,-48.95728066146073,-39.698492462311556,-15.354157096922371,10.008928064994125,4.787491742782046,185.2,4.37365010799136
BRECKINRIDGE,2012,-5.355353714208683,-13.58515573227303,9.523597580720166,12.467567301228307,7.1731917424865985,199.21319018404907,5.901668373278311
BULLITT,2012,-9.773598185657308,-5.973025048169557,-4.042002988434727,10.739630571223861,6.1903154058531475,94.56762295081967,-3.746560055472491
BUTLER,2012,-12.30879774667318,-10.411311053984576,-2.1179980586968976,11.935260800514463,6.546785410760524,218.86944045911048,-3.7639624521474646
CALDWELL,2012,-6.493661133291308,-13.919999999999998,8.627252400916232,11.801849266157681,6.2878585601617845,248.13940520446096,-2.5011423306541625
CALLOWAY,2012,11.609333105140053,-7.545045045045046,20.717524722733707,12.078670998995467,6.710523109452428,214.4652862362972,-23.03266771166996
CAMPBELL,2012,-10.924263230167952,-5.794392523364486,-5.445398468531454,10.64932205537508,6.222576268071369,83.65873015873017,9.320747557157764
CARLISLE,2012,3.037204977380293,-20.34313725490196,29.351321940834328,11.499029359778117,5.783825182329737,303.44615384615383,-10.753396876901238
CARROLL,2012,-15.925786400452063,-14.723926380368098,-1.4093754192351553,10.888595140407418,5.627621113690637,192.66906474820144,-4.955005414286248
CARTER,2012,-15.66576097782523,-12.17877094972067,-3.9705548029943696,11.569702695057769,6.666956792429207,134.6590330788804,-13.086487405755747
CASEY,2012,-6.534139836855263,-13.063763608087092,7.510819472096718,12.095638167960507,7.0192966537150445,160.18694096601072,0.0938081065838773
CHRISTIAN,2012,3.9907634579304374,-10.95166163141994,16.78012792052579,12.794625683360193,7.072421900537371,305.57760814249366,-4.078817351141902
CLARK,2012,-7.911475124161366,-2.6460859977949283,-5.408502760605166,11.830629824470885,6.78332520060396,155.60249150622877,7.195208046755024
CLAY,2012,-31.39039731218502,-27.67857142857143,-5.132401221786695,10.466639936479886,5.493061443340548,144.54320987654322,26.28402232092017
CLINTON,2012,-18.713020187272907,-19.236883942766294,0.6486423271758577,11.212495819695945,6.230481447578482,145.76771653543307,-12.014854827819041
CRITTENDEN,2012,-7.070498888305979,-20.0,16.161876389617532,11.910324798666027,6.3835066348840055,251.34290540540542,6.1500722470513125
CUMBERLAND,2012,-36.68736939865336,-26.82445759368836,-13.478426644520885,11.08896537422582,5.916202062607435,176.40161725067387,24.635953854381544
DAVIESS,2012,-7.663026132444867,-16.964285714285715,11.201516915765332,12.37680227478813,6.729824070489475,283.4336917562724,0.31825117816164633
EDMONSON,2012,-12.0569944433522,-10.393258426966293,-1.8567085323930457,11.350277115333324,6.45833828334479,133.2115987460815,-4.000517714057113
ELLIOTT,2012,-15.718923447481412,-13.169642857142858,-2.9359324022408027,10.939089041394833,5.963579343618446,144.82262210796915,-2.3785856290826466
ESTILL,2012,-19.2868169188021,-16.666666666666664,-3.144180302562501,10.864483927794135,5.940171252720432,137.59473684210528,1.5606472095780897
FAYETTE,2012,-15.5270686700645,-11.358024691358025,-4.70323902890286,11.651443155323921,6.576469569048224,159.96796657381614,-0.2028609488320259
FLEMING,2012,0.875512091978327,-3.720106288751107,4.773185972257162,12.118322814132007,6.99117688712121,168.53541858325667,-6.3958121813556925
FLOYD,2012,4.8169556840077075,14.473684210526317,-8.435762850751898,9.006999447958153,4.465908118654584,93.79310344827586,12.022058823529411
FRANKLIN,2012,2.9224438445207452,-7.359999999999999,11.099356481563847,11.271312397372357,6.361302477572996,135.64075993091538,-5.05246001833554
FULTON,2012,-8.786400332553,14.102564102564102,-20.059991302686896,11.331187737714638,5.181783550292085,468.438202247191,17.069631335300183
GALLATIN,2012,-17.840667139815473,-9.313725490196079,-9.402681602823545,10.232179601838379,5.220355825078324,150.17837837837837,17.014001367742864
GARRARD,2012,4.571268892852153,-1.9488428745432398,6.649704050970947,11.753791049272055,6.690842277418564,158.055900621118,10.831139230557628
GRANT,2012,-14.433088331231245,-15.328467153284672,1.0574732639768905,11.496511489701973,6.699500340161678,121.14778325123153,-1.6183466840157767
GRAVES,2012,5.013656925086638,-15.771028037383179,24.676408221739457,12.583868465140824,7.273786317844895,202.36685159500692,-13.920216028758142
GRAYSON,2012,-7.20442325813425,-7.005948446794448,-0.213427426835179,12.210537662489331,7.249215057114389,142.78251599147123,5.698499216008362
GREEN,2012,4.840095399778684,-1.3157894736842104,6.237963338442393,11.935149356893348,6.956545443151569,145.27142857142857,2.4414068902219164
GREENUP,2012,-14.393650724527236,-13.46704871060172,-1.0708082876159233,11.272534020246466,6.403574197934815,130.18543046357615,-6.204852986061654
HANCOCK,2012,-17.229622581668252,-8.616187989556137,-9.42555842508268,10.8627419838424,5.857933154483459,149.12857142857143,-8.56212280869815
HARDIN,2012,-8.6819005970297,-14.546599496221663,6.863037473778085,12.220813463851671,7.213031659834869,149.5725865880619,-1.8569246686702467
HARLAN,2012,106.49307844429796,-8.108108108108109,124.71305595408894,8.742733867330168,3.5263605246161616,184.26470588235293,7.709497206703911
HARRISON,2012,1.656601371023075,-1.7543859649122806,3.4718978240770486,12.010404416840814,6.96979066990159,154.56484962406014,1.9324200246873042
HART,2012,-4.533962846838737,-5.70446735395189,1.2413149109691208,12.113875116398628,7.22402480828583,132.93367346938774,-6.916138936864326
HENDERSON,2012,-10.113128876988952,-8.644400785854616,-1.6077045126610296,12.077750518235,6.142037405587356,378.30967741935484,2.6888138522232454
HENRY,2012,-12.220028825333507,-9.667359667359667,-2.8258546950182217,11.763754219775308,6.767343125265392,147.88147295742232,1.9430545720533192
HICKMAN,2012,8.769807016462174,-12.352941176470589,24.099779817440066,11.857443816048647,5.697093486505405,473.59395973154363,-16.05387902020109
HOPKINS,2012,2.252048743144711,10.59001512859304,-7.539529111875982,12.00122936805393,6.594413459749778,222.92065663474693,-10.173974410113223
JACKSON,2012,-5.823468177306509,-11.178247734138973,6.028680385413435,11.26193526983436,6.376726947898627,132.31802721088437,-3.3417734534658043
JEFFERSON,2012,-28.511270745603174,-19.57894736842105,-11.106946607752642,10.047068281013653,5.945420608606575,60.43979057591623,-12.40038115038115
JESSAMINE,2012,4.40361475860003,-6.047819971870605,11.124206726593739,11.334324976406691,6.504288173536645,125.21556886227545,-8.829085170484435
JOHNSON,2012,-12.4972988547144,-1.0101010101010102,-11.604414149150267,10.098067006725584,5.278114659230517,123.95918367346938,-9.421303918340469
KENTON,2012,-10.342233922527267,-4.5738045738045745,-6.0449118011669265,10.549123750425021,6.129050210060545,83.10239651416121,-3.704383389261745
KNOTT,2012,-2.7965979530056218,-8.695652173913043,6.460868908612875,8.816260208734581,3.7376696182833684,160.54761904761904,89.05531662464779
KNOX,2012,-34.400860804069254,-35.37234042553192,1.5031948052261581,10.42022566305372,5.493061443340548,137.98765432098764,15.481196504726968
LARUE,2012,-10.728522227182856,-11.22071516646116,0.5544006579926484,11.626030911075501,6.579251212010101,155.52083333333334,-1.4324626032596561
LAUREL,2012,-6.278722594619911,-0.592885375494071,-5.719748773116645,11.472665812306149,6.913737350659685,95.48111332007953,-6.623357694630104
LAWRENCE,2012,-30.785453337761542,-13.649851632047477,-19.84432225025993,10.637800668461894,5.673323267171493,143.23367697594503,22.876130611069794
LEE,2012,-24.46718107345593,-23.655913978494624,-1.0626456314281763,10.008793066681399,4.955827057601261,156.48591549295776,12.834705908824986
LETCHER,2012,-20.48659109759469,-18.181818181818183,-2.8169446748379587,7.964155718840937,3.9889840465642745,53.25925925925926,95.51460361613351
LEWIS,2012,-19.627830281886876,0.44576523031203563,-19.984511508446552,11.678058474780933,6.516193076042964,174.4896449704142,-0.4561061421728625
LINCOLN,2012,1.3683649720999356,-5.94679186228482,7.777679229903277,12.1048978021557,7.091742115095153,150.3785357737105,-9.684932643633648
LIVINGSTON,2012,5.289246310175966,-18.089430894308943,28.541710135500203,11.721564330081556,5.998936561946683,305.7071960297767,-1.2337662337662338
LOGAN,2012,-4.861501529674301,-9.556313993174061,5.190868120020496,12.52756176519223,6.966024187106113,260.22264150943397,0.1714787047375977
LYON,2012,-23.109026444083323,-18.88888888888889,-5.202909314623276,10.636768490835719,5.389071729816501,190.12785388127853,-21.51159998078678
MADISON,2012,6.694501223681677,-8.207831325301203,16.234862694872252,12.35793929036284,7.105786129481271,190.97703035274816,-1.2787745757105855
MAGOFFIN,2012,-27.862706913339824,-23.19148936170213,-6.081640579694516,10.702142737876844,5.8888779583328805,123.13296398891967,-1.4915299993250994
MARION,2012,3.567872345722038,-3.6966824644549763,7.543410752693639,12.022251965612453,6.923628628138427,163.79625984251967,-2.0839217147286635
MARSHALL,2012,-2.899336826592435,-17.070357554786618,17.08800413260691,11.460357674547005,6.577861357721047,131.9596662030598,-10.753696813836571
MASON,2012,-9.363869140429427,-15.803452855245684,7.648275295357469,11.749750989751988,6.452048954437226,199.8769716088328,4.2541942204195005
MCCRACKEN,2012,-10.816155877941625,-7.453416149068323,-3.63356440502418,11.115309471805464,6.102558594613569,150.31767337807605,-7.605072032384808
MCCREARY,2012,20.171360255047823,11.510791366906476,7.766574680333218,9.803280402119096,5.043425116919247,116.72903225806452,1.2601558613828552
MCLEAN,2012,-13.741305056417442,-1.431980906921241,-12.48815210324191,11.731088634747767,6.023447592961033,301.1598062953995,3.9644956142114025
MEADE,2012,-1.608095645873131,-14.994363021420517,15.747505520040491,11.691029808474159,6.625392368007956,158.4814323607427,18.04175906941713
MENIFEE,2012,-4.982602644398051,-11.178247734138973,6.975369131647094,10.620400086646335,5.683579767338681,139.3265306122449,-13.671207460573214
MERCER,2012,1.9888713702920735,-3.9603960396039604,6.194598024737114,11.879303184370347,6.9726062513017535,135.1921274601687,-5.410051993067591
METCALFE,2012,-16.186927641128896,-4.149377593360995,-12.558656110441834,11.738410273401813,6.828712071641684,135.59848484848484,10.522535177543837
MONROE,2012,-1.9855944835747528,-10.157068062827225,9.095288191359103,12.056853120881323,6.754604099487962,200.78787878787878,-7.208781257981379
MONTGOMERY,2012,-7.0317978252942765,-11.094890510948906,4.570145303240429,11.50726950011407,6.411818267709897,163.27750410509032,3.617402148115371
MORGAN,2012,-12.8434443849365,-12.70440251572327,-0.15927706919959433,11.685171433066579,6.542471960506805,171.17723342939482,-10.32686010589493
MUHLENBERG,2012,-8.572503798798586,-0.9433962264150944,-7.701765739739518,11.765713251769663,6.4457198193855785,204.3825396825397,-0.9622478856175395
NELSON,2012,-4.31647343610651,-5.689900426742532,1.4562883475371424,12.142893200430233,7.189922170745808,141.5950226244344,13.73012702724295
NICHOLAS,2012,-7.265104629848092,-5.472636815920398,-1.8962422663129783,11.53460867580137,6.345636360828596,179.2842105263158,-9.11910912791608
OHIO,2012,-6.143462117887095,-2.5799793601651184,-3.657854652788778,11.971893424595699,6.8501261661455,167.63135593220338,-0.3709461338186598
OLDHAM,2012,0.549780087964814,-9.11062906724512,10.628755657641497,11.007982504362394,6.037870919922137,144.04295942720765,-14.724790403287273
OWEN,2012,-16.445685484892234,-18.86574074074074,2.9827785179074353,11.790246547259848,6.55250788703459,188.24393723252496,19.276441925143416
OWSLEY,2012,-23.139136012494074,-16.41025641025641,-8.049886640713774,10.224120725127595,5.093750200806762,169.079754601227,5.747460087082729
PENDLETON,2012,-19.83809192200557,-10.989010989010989,-9.941560060524766,11.525831818519737,6.697034247666484,125.0604938271605,9.886573411386095
PERRY,2012,2.7389550698808742,-14.035087719298245,19.512662020065502,9.301368670323747,3.8918202981106265,223.53061224489795,49.29243129736145
PIKE,2012,-5.910879955018274,-20.0,17.611400056227147,9.502039365785897,4.02535169073515,239.05357142857142,45.499365055651005
POWELL,2012,-8.265421359460365,-2.9661016949152543,-5.4613076018892714,10.310784315473262,5.43372200355424,131.24454148471617,-6.844119114955914
PULASKI,2012,-1.5506016455188303,-5.254424778761062,3.909230720900151,12.337920747215094,7.44600149832412,133.20899007589026,-0.8760358828504691
ROBERTSON,2012,-24.568664024248076,-13.148788927335639,-13.148780490070482,10.566768133489779,5.5254529391317835,154.67330677290838,8.842696339798572
ROCKCASTLE,2012,0.4655277270968099,-6.87757909215956,7.885433763071468,11.417031114571483,6.517671272912275,134.20384047267356,-11.171524170115347
ROWAN,2012,-15.42741628805316,-7.772020725388601,-8.300513166259895,10.651477968978583,5.87493073085203,118.6938202247191,-6.366110519465153
RUSSELL,2012,-3.957480196476746,-9.813664596273291,6.493427605835017,11.400394861111488,6.587550014824796,123.08126721763085,3.50056514878521
SCOTT,2012,-8.317511003711056,-9.89247311827957,1.7478696498194846,11.755706924132761,6.731018100482083,152.12291169451075,2.4372641768448133
SHELBY,2012,-2.8959597829369756,-8.0557238037553,5.61183820709555,12.202772205063495,7.325148957955575,131.3181818181818,0.7695356198674632
SIMPSON,2012,-14.768052920535249,-5.465587044534413,-9.840295808874538,11.528109600295268,6.1463292576688975,217.40899357601714,9.193341869398207
SPENCER,2012,-5.681616613680088,-11.241610738255034,6.264189977781983,11.143671738824636,6.270988431858299,130.6710775047259,7.337432188065099
TAYLOR,2012,-3.490801266931734,-7.1200850159404885,3.9075011531089707,11.648923812158538,6.773080375655535,131.08466819221968,-2.454437539277983
TODD,2012,-8.57427162888431,-20.55335968379447,15.078155611404325,12.10625783509458,6.401917196727186,300.167495854063,-7.208799951381484
TRIGG,2012,-4.929063640048642,-13.318777292576419,9.678813231379646,11.767544427259436,5.983936280687191,324.9294710327456,-5.290820716760855
TRIMBLE,2012,-14.54115333804418,-10.224948875255624,-4.8077995041084405,10.926513854247643,6.0844994130751715,126.7243735763098,18.554069600230083
UNION,2012,-2.9750197919726746,-4.615384615384616,1.719737314867367,12.180057158326893,5.736572297479192,628.5935483870968,-0.12008375071844979
WARREN,2012,-6.946885631737362,-9.649122807017543,2.9908256114751626,12.415960730041935,7.4073177104694174,149.70145631067962,6.278677626992233
WASHINGTON,2012,-13.525120710705368,-9.651474530831099,-4.287448145676864,11.856146307012713,6.918695219020472,139.41444114737882,14.545080455203339
WAYNE,2012,-9.902889509686544,-0.3841229193341869,-9.555471345842141,11.765107294727459,6.656726524178391,165.40231362467867,-25.336680058749018
WEBSTER,2012,-1.6567848824831126,-10.071942446043165,9.357655210678779,11.934467313622743,6.214608098422191,304.862,6.929692779027888
WHITLEY,2012,-20.41981093524396,-12.212389380530974,-9.349179795187187,10.975464926899866,6.206575926724928,117.7883064516129,0.9585266076716361
WOLFE,2012,-26.424152094417774,-13.157894736842104,-15.276296351147744,10.656176415804389,5.6937321388027,142.94276094276094,-20.605832194846187
WOODFORD,2012,-6.020808316608866,0.1404494382022472,-6.152616439586975,11.625512804119492,6.569481420414296,156.9663394109397,0.24393077012428854
ADAIR,2017,1.1076702492111155,-7.160096540627514,8.90540218350902,12.055610155959927,7.050989447068045,149.10051993067592,-17.035138496588438
ALLEN,2017,15.790954829056018,4.351851851851852,10.962050767862024,12.03585948532911,7.027314514039777,149.68677905944986,-19.2125526832131
ANDERSON,2017,1.0429137405428088,14.497041420118343,-11.750633477252025,11.31286347309934,6.651571873589727,105.77260981912144,-27.431963648800505
BALLARD,2017,-11.984774130949937,-27.696078431372552,21.72953272736417,11.454660556838252,5.68697535633982,319.79661016949154,-0.6826372694509222
BARREN,2017,2.079521279804394,1.6051364365971106,0.4668906118769853,12.444435789041068,7.549082710812286,133.66719325961031,-9.177257577787058
BATH,2017,-10.610672534146907,5.507246376811594,-15.276598967804064,11.753193550885607,6.590301048196686,174.66895604395606,-1.9786251857910175
BELL,2017,87.26596404215748,35.80246913580247,37.89584624922506,9.62264867856634,4.700480365792417,137.3,36.03257630934251
BOONE,2017,17.174272068560207,18.585526315789476,-1.1900729297023491,11.274084349048719,6.580639137284949,109.22884882108183,-9.473804505167992
BOURBON,2017,-7.0155199059663484,0.8820286659316428,-7.828498966897787,12.04867001717864,6.818924065275521,186.74535519125683,7.536050376890303
BOYD,2017,-10.688073394495413,-5.14018691588785,-5.848510869073988,9.876630098366245,5.313205979041787,95.91133004926108,22.46019517205958
BOYLE,2017,-12.710120237520803,-2.903225806451613,-10.100123832662616,11.392361064903461,6.400257445308821,147.24584717607974,8.646014304731391
BRACKEN,2017,0.035708937601511295,-9.540034071550256,10.58561421162353,11.371868684654128,6.274762021241939,163.54802259887006,3.75155451153793
BREATHITT,2017,4.37365010799136,33.33333333333333,-21.71976241900648,10.05173512899633,5.075173815233827,144.975,44.92584928435937
BRECKINRIDGE,2017,5.901668373278311,4.064417177914111,1.7654941479402517,12.524908121956514,7.213031659834869,202.73028739867354,-11.103760382399447
BULLITT,2017,-3.746560055472491,-0.4098360655737705,-3.350455364342744,10.701445097448419,6.186208623900494,91.39917695473251,-32.93786582620441
BUTLER,2017,-3.7639624521474646,-7.890961262553802,4.480557898525263,11.896894512733507,6.464588303689961,228.6760124610592,17.642531162727334
CALDWELL,2017,-2.5011423306541625,-11.71003717472119,10.430285107595912,11.776519741892919,6.163314804034641,274.0210526315789,-5.67378610940381
CALLOWAY,2017,-23.03266771166996,-13.520097442143728,-10.99974674828316,11.816881888843309,6.565264970035361,190.87464788732393,5.645619498085168
CAMPBELL,2017,9.320747557157764,14.484126984126986,-4.5101269171447,10.738438068670435,6.3578422665081,79.88561525129982,-15.945676226840805
CARLISLE,2017,-10.753396876901238,-16.0,6.245956098927099,11.385262533480073,5.60947179518496,322.3992673992674,22.212122933590866
CARROLL,2017,-4.955005414286248,10.79136690647482,-14.212634757050576,10.837775361111937,5.730099782973574,165.28571428571428,-13.343678793116995
CARTER,2017,-13.086487405755747,-8.651399491094146,-4.85512409599445,11.429446025158937,6.576469569048224,128.12116991643455,-10.2433933754389
CASEY,2017,0.0938081065838773,-1.073345259391771,1.1798168744672541,12.096575809303278,7.00850518208228,162.07685352622062,5.297422136931891
CHRISTIAN,2017,-4.078817351141902,-3.5623409669211195,-0.5355546675429336,12.752982337548904,7.036148493750536,303.9410729991205,-0.08999337347828729
CLARK,2017,7.195208046755024,-1.3590033975084939,8.672065103656344,11.900111185063983,6.769641976852503,169.09644087256027,-7.763285647359165
CLAY,2017,26.28402232092017,-4.11522633744856,31.703937441989694,10.700003266073107,5.4510384535657,190.36909871244634,-13.019659121652088
CLINTON,2017,-12.014854827819041,0.7874015748031495,-12.702238774476701,11.084493629075336,6.238324625039508,127.251953125,-13.844335640722608
CRITTENDEN,2017,6.1500722470513125,-2.871621621621622,9.288422209138043,11.970008481439793,6.354370040797351,274.6886956521739,-15.260911957251214
CUMBERLAND,2017,24.635953854381544,6.46900269541779,17.063136405001387,11.309192307175842,5.978885764901122,206.5012658227848,13.766428010984699
DAVIESS,2017,0.31825117816164633,9.79689366786141,-8.63288766472112,12.379979733098109,6.823286122355687,258.9651795429815,14.011992150897731
EDMONSON,2017,-4.000517714057113,-9.404388714733543,5.9648264678746825,11.309449727943765,6.359573868672378,141.1574394463668,6.109892264888649
ELLIOTT,2017,-2.3785856290826466,-6.683804627249357,4.613581791423825,10.915015734297125,5.8944028342648505,151.50413223140495,-25.03818459524329
ESTILL,2017,1.5606472095780897,-3.421052631578948,5.158163323268855,10.879969871304157,5.905361848054571,144.69209809264305,-6.436669052013107
FAYETTE,2017,-0.2028609488320259,-13.370473537604457,15.19991292401707,11.649412485420383,6.432940092739179,184.28295819935693,8.395274986041318
FLEMING,2017,-6.3958121813556925,-6.807727690892364,0.44200607982859286,12.052227752278768,6.920671504248683,169.28035538005923,-7.974644421247835
FLOYD,2017,12.022058823529411,56.32183908045977,-28.33883001730103,9.12052506765382,4.912654885736052,67.21323529411765,-24.537796739962804
FRANKLIN,2017,-5.05246001833554,3.454231433506045,-8.222661687172424,11.219466739740993,6.395261598115449,124.48747913188647,-14.677877910095482
FULTON,2017,17.069631335300183,-17.97752808988764,42.72872861427009,11.488786449116903,4.983606621708336,668.5958904109589,-5.891512574911642
GALLATIN,2017,17.014001367742864,27.027027027027028,-7.882594667947104,10.389303013297951,5.459585514144159,138.3404255319149,-17.170101507228544
GARRARD,2017,10.831139230557628,-1.4906832298136645,12.508281312230626,11.856628638099789,6.675823221634848,177.82597730138713,-22.758410393146878
GRANT,2017,-1.6183466840157767,-0.12315270935960591,-1.4970376170416875,11.48019564034731,6.698268054115413,119.33415536374847,-12.443686712130605
GRAVES,2017,-13.920216028758142,-23.43966712898752,12.43392073055323,12.433972865935292,7.00669522683704,227.52898550724638,1.846396382050384
GRAYSON,2017,5.698499216008362,-4.832977967306325,11.066309482392642,12.265958170752587,7.199678345691172,158.5832710978342,9.33207122438696
GREEN,2017,2.4414068902219164,-4.380952380952381,7.134937484793828,11.95927016593983,6.911747300251674,155.63645418326692,-7.122149764173584
GREENUP,2017,-6.204852986061654,-3.3112582781456954,-2.9926904170911626,11.208476951340842,6.369900982828227,126.28938356164383,-1.986359876886364
HANCOCK,2017,-8.56212280869815,-8.285714285714285,-0.3013800094839753,10.773231601753162,5.771441123130016,148.6791277258567,1.1398399195407116
HARDIN,2017,-1.8569246686702467,-3.831982313927782,2.0537572602409724,12.202069644200355,7.173958319756794,152.64444444444445,-5.257503727390927
HARLAN,2017,7.709497206703911,14.705882352941178,-6.099412691591458,8.817001443665859,3.6635616461296463,173.02564102564102,51.64493183165383
HARRISON,2017,1.9324200246873042,6.954887218045112,-4.695874423315212,12.029544275776981,7.037027614686276,147.3066783831283,-2.0294091329376327
HART,2017,-6.916138936864326,-6.19533527696793,-0.7684091852197751,12.042205749109533,7.160069207596127,131.9121989121989,0.051245501292918105
HENDERSON,2017,2.6888138522232454,-1.5053763440860215,4.258293539920977,12.104283522628139,6.126869184114185,394.4192139737991,0.019375124554372136
HENRY,2017,1.9430545720533192,-11.277330264672036,14.90079691713922,11.782998402661148,6.647688373563329,169.91699092088197,-3.762423095125414
HICKMAN,2017,-16.05387902020109,-17.449664429530202,1.6908294795938041,11.682448806200885,5.5053315359323625,481.6016260162602,-5.810557590695005
HOPKINS,2017,-10.173974410113223,-10.259917920656635,0.0957693692183374,11.893933932644401,6.486160788944089,223.1341463414634,50.22134776192818
JACKSON,2017,-3.3417734534658043,-6.292517006802721,3.148887857281493,11.227946402759223,6.311734809152915,136.48457350272233,3.4413520737204633
JEFFERSON,2017,-12.40038115038115,-10.209424083769633,-2.4400746339521815,9.914674741926692,5.8377304471659395,58.965014577259474,-34.407911001236094
JESSAMINE,2017,-8.829085170484435,0.4491017964071856,-9.236704759886143,11.241890720291222,6.508769136971682,113.64977645305514,-5.885206991961605
JOHNSON,2017,-9.421303918340469,14.285714285714285,-20.74364092854791,9.999115863549536,5.4116460518550396,98.24553571428571,10.510292179760986
KENTON,2017,-3.704383389261745,10.239651416122005,-12.648837896583274,10.511376364144162,6.226536669287466,72.5909090909091,-21.56489069178623
KNOTT,2017,89.05531662464779,47.61904761904761,28.0697306166969,9.453129675537227,4.127134385045092,205.61290322580646,-24.231251961091935
KNOX,2017,15.481196504726968,38.2716049382716,-16.48234895640281,10.56416319294911,5.817111159963204,115.24404761904762,-17.271835132482828
LARUE,2017,-1.4324626032596561,-0.2777777777777778,-1.1579012177534187,11.611602697158974,6.576469569048224,153.7200557103064,0.5753322883728516
LAUREL,2017,-6.623357694630104,-5.069582504970179,-1.6367516657569612,11.404136857893421,6.86171134048073,93.91832460732984,-11.07233644026223
LAWRENCE,2017,22.876130611069794,-2.405498281786942,25.90476763317361,10.843807262209644,5.648974238161206,180.33802816901408,6.462824117463292
LEE,2017,12.834705908824986,1.4084507042253522,11.267557215646844,10.129546848931234,4.969813299576001,174.11805555555554,17.53280421170183
LETCHER,2017,95.51460361613351,90.74074074074075,2.5028018958369853,8.634620608292202,4.634728988229636,54.592233009708735,-12.644495820736262
LEWIS,2017,-0.4561061421728625,-18.639053254437872,22.348494996165734,11.67348697998162,6.309918278226516,213.48545454545456,5.0588926646056365
LINCOLN,2017,-9.684932643633648,-9.317803660565724,-0.4048523281171159,12.003031921545643,6.993932975223189,149.7697247706422,-9.63558735428701
LIVINGSTON,2017,-1.2337662337662338,-9.429280397022332,9.04874577477317,11.709149926933174,5.8998973535824915,333.36986301369865,19.076265614727152
LOGAN,2017,0.1714787047375977,1.6981132075471699,-1.501143388662482,12.529275083670912,6.982862751468942,256.31632653061223,-3.467856638763124
LYON,2017,-21.51159998078678,-5.0228310502283104,-17.36077113361684,10.394549148260978,5.337538079701318,157.12019230769232,7.775159878828678
MADISON,2017,-1.2787745757105855,-2.6251025430680888,1.3826232453317482,12.345069077585755,7.079184394609668,193.61752316764952,-16.568330548593707
MAGOFFIN,2017,-1.4915299993250994,-7.202216066481995,6.153903493264583,10.687115086224448,5.814130531825066,130.71044776119402,35.60336165159404
MARION,2017,-2.0839217147286635,-6.102362204724409,4.279596999827763,12.001192547395082,6.860663671448287,170.80607966457023,3.2255490981840946
MARSHALL,2017,-10.753696813836571,-2.781641168289291,-8.200154519525748,11.346587487477471,6.54965074223381,121.13876967095851,5.295479238509141
MASON,2017,4.2541942204195005,7.255520504731862,-2.798295388608876,11.791412895963672,6.522092798170152,194.28382352941176,-25.488786114916778
MCCRACKEN,2017,-7.605072032384808,-28.859060402684566,29.87588931296853,11.036211370833005,5.762051382780177,195.22641509433961,-3.8223639702329177
MCCREARY,2017,1.2601558613828552,11.612903225806452,-9.275582898761032,9.815803221891244,5.153291594497779,105.90173410404624,-1.9922493313683751
MCLEAN,2017,3.9644956142114025,6.2953995157385,-2.1928549233045316,11.769967901289897,6.0844994130751715,294.55580865603645,-12.520300054133477
MEADE,2017,18.04175906941713,3.580901856763926,13.960930010679284,11.856898074766077,6.660575149839686,180.60691421254802,-10.397436442780778
MENIFEE,2017,-13.671207460573214,-3.741496598639456,-10.315671354800445,10.473393076238034,5.645446897643238,124.95406360424029,-30.08314009388609
MERCER,2017,-5.410051993067591,3.8425492033739452,-8.910221549280802,11.823684210939485,7.010311867307229,123.14620938628158,4.269821028099028
METCALFE,2017,10.522535177543837,2.272727272727273,8.066478840265095,11.838459525837266,6.851184927493743,146.53650793650795,-9.758299212143532
MONROE,2017,-7.208781257981379,-10.839160839160838,4.071719843989509,11.982034944583301,6.639875833826536,208.96339869281044,-6.946208173555115
MONTGOMERY,2017,3.617402148115371,8.210180623973727,-4.24431273413922,11.5428046042479,6.490723534502507,156.34749620637328,-34.77914842817349
MORGAN,2017,-10.32686010589493,-5.3314121037463975,-5.276774601965119,11.576172527534057,6.48768401848461,162.14459665144597,-15.18647504435412
MUHLENBERG,2017,-0.9622478856175395,-12.857142857142856,13.649879475520848,11.756044177715356,6.3080984415095305,232.28051001821493,1.4969965966656733
NELSON,2017,13.73012702724295,8.144796380090497,5.164678129793693,12.271551349557267,7.2682230211595655,148.907949790795,-26.246874034111663
NICHOLAS,2017,-9.11910912791608,-2.456140350877193,-6.830741372144186,11.43898824746787,6.320768294250582,167.03776978417267,-17.4420983493588
OHIO,2017,-0.3709461338186598,-13.877118644067796,15.682443849538979,11.968177066144136,6.70073110954781,193.920049200492,-12.063530322155058
OLDHAM,2017,-14.724790403287273,11.217183770883054,-23.325508967762595,10.848696104567667,6.144185634125646,110.44420600858369,8.632716109351623
OWEN,2017,19.276441925143416,17.118402282453637,1.8426136291419501,11.966520201681915,6.710523109452428,191.71254567600488,-13.376451752268165
OWSLEY,2017,5.747460087082729,-6.134969325153374,12.65905878558487,10.2800043386884,5.030437921392435,190.48366013071896,-25.59017293439473
PENDLETON,2017,9.886573411386095,13.456790123456791,-3.146763369724993,11.620110315516742,6.823286122355687,121.12513601741023,-17.976175503530552
PERRY,2017,49.29243129736145,28.57142857142857,16.11633545350335,9.702105493003431,4.143134726391533,259.55555555555554,-17.141634050880626
PIKE,2017,45.499365055651005,51.78571428571429,-4.141594786865214,9.877040902521145,4.442651256490317,229.1529411764706,-0.41585378375603244
POWELL,2017,-6.844119114955914,-15.283842794759824,9.962354240593266,10.23988835803477,5.267858159063328,144.31958762886597,-3.9931423673119504
PULASKI,2017,-0.8760358828504691,-0.5253940455341506,-0.3524938188514474,12.329121790859057,7.440733707389261,132.7394366197183,-11.152669460802517
ROBERTSON,2017,8.842696339798572,-2.3904382470119523,11.508231760365062,10.651501634536913,5.501258210544727,172.4734693877551,-41.41187050359712
ROCKCASTLE,2017,-11.171524170115347,0.5908419497784343,-11.693277332111728,11.298568200936636,6.523562306149512,118.51101321585904,12.526949669169579
ROWAN,2017,-6.366110519465153,-7.584269662921349,1.3181296506699276,10.585700168043294,5.796057750765372,120.25835866261399,-11.25742449134336
RUSSELL,2017,3.50056514878521,-7.43801652892562,11.81757484824117,11.434801748188649,6.51025834052315,137.6264880952381,7.050873114559118
SCOTT,2017,2.4372641768448133,1.5513126491646778,0.872417603050462,11.77978729252863,6.7464121285733745,153.45005875440657,-12.110027108572128
SHELBY,2017,0.7695356198674632,1.9762845849802373,-1.1833623572617498,12.210438103039813,7.344719054149673,129.7642118863049,-20.30815183571873
SIMPSON,2017,9.193341869398207,0.8565310492505354,8.266009878999919,11.616059503867163,6.154858094016418,235.380042462845,-1.2682205224419107
SPENCER,2017,7.337432188065099,14.555765595463138,-6.301152429890368,11.214478997071259,6.406879986069314,122.43729372937294,-21.092497001226466
TAYLOR,2017,-2.454437539277983,-8.123569794050344,6.170388033214249,11.624073202309658,6.688354713946762,139.173100871731,-19.827123375926124
TODD,2017,-7.208799951381484,-1.658374792703151,-5.644024233866836,12.031439457339973,6.385194398997726,283.2259696458685,11.449631742213596
TRIGG,2017,-5.290820716760855,2.0151133501259446,-7.161619319886564,11.713185166895196,6.003887067106539,301.6592592592593,-17.404970042235536
TRIMBLE,2017,18.554069600230083,6.83371298405467,10.97065363433049,11.0967128083153,6.150602768446279,140.62686567164178,-22.165448646026018
UNION,2017,-0.12008375071844979,-8.38709677419355,9.023852243934078,12.17885559923662,5.648974238161206,685.3169014084507,12.598777166932127
WARREN,2017,6.278677626992233,6.492718446601941,-0.200991037445475,12.47685522251758,7.470224135899966,149.4005698005698,-10.40206256340628
WASHINGTON,2017,14.545080455203339,9.000989119683481,5.086276170789998,11.991944582299169,7.004881989712859,146.505444646098,-8.203209682314538
WAYNE,2017,-25.336680058749018,-8.740359897172237,-18.185826881277105,11.472926048706363,6.565264970035361,135.3225352112676,18.763725684072483
WEBSTER,2017,6.929692779027888,-0.2,7.1439807405088995,12.00146866929545,6.212606095751519,326.64128256513027,13.349571149858278
WHITLEY,2017,0.9585266076716361,10.483870967741936,-8.621479566778957,10.9850045457756,6.306275286948016,107.63321167883211,5.437159859620569
WOLFE,2017,-20.605832194846187,-1.0101010101010102,-19.795687625405844,10.425431142035965,5.683579767338681,114.64625850340136,12.083901975909333
WOODFORD,2017,0.24393077012428854,-3.3660589060308554,3.735736776630791,11.62794914153901,6.535241271013659,162.83018867924528,-7.612086638737855
