county,origin_year,future_year,future_acres,origin_acres,future_acres_change_pct,high_decline
ADAIR,2012,2017,172062.0,170177.0,1.1076702492111155,0
ALLEN,2012,2017,168697.0,145691.0,15.790954829056018,0
ANDERSON,2012,2017,81868.0,81023.0,1.0429137405428088,0
BALLARD,2012,2017,94340.0,107186.0,-11.984774130949937,1
BARREN,2012,2017,253834.0,248663.0,2.079521279804394,0
BATH,2012,2017,127159.0,142253.0,-10.610672534146907,1
BELL,2012,2017,15103.0,8065.0,87.26596404215748,0
BOONE,2012,2017,78754.0,67211.0,17.174272068560207,0
BOURBON,2012,2017,170872.0,183764.0,-7.0155199059663484,1
BOYD,2012,2017,19470.0,21800.0,-10.688073394495413,1
BOYLE,2012,2017,88642.0,101549.0,-12.710120237520803,1
BRACKEN,2012,2017,86844.0,86813.0,0.035708937601511295,0
BREATHITT,2012,2017,23196.0,22224.0,4.37365010799136,0
BRECKINRIDGE,2012,2017,275105.0,259774.0,5.901668373278311,0
BULLITT,2012,2017,44420.0,46149.0,-3.746560055472491,0
BUTLER,2012,2017,146810.0,152552.0,-3.7639624521474646,0
CALDWELL,2012,2017,130160.0,133499.0,-2.5011423306541625,0
CALLOWAY,2012,2017,135521.0,176076.0,-23.03266771166996,1
CAMPBELL,2012,2017,46094.0,42164.0,9.320747557157764,0
CARLISLE,2012,2017,88015.0,98620.0,-10.753396876901238,1
CARROLL,2012,2017,50908.0,53562.0,-4.955005414286248,0
CARTER,2012,2017,91991.0,105842.0,-13.086487405755747,1
CASEY,2012,2017,179257.0,179089.0,0.0938081065838773,0
CHRISTIAN,2012,2017,345581.0,360276.0,-4.078817351141902,0
CLARK,2012,2017,147283.0,137397.0,7.195208046755024,0
CLAY,2012,2017,44356.0,35124.0,26.28402232092017,0
CLINTON,2012,2017,65153.0,74050.0,-12.014854827819041,1
CRITTENDEN,2012,2017,157946.0,148795.0,6.1500722470513125,0
CUMBERLAND,2012,2017,81568.0,65445.0,24.635953854381544,0
DAVIESS,2012,2017,237989.0,237234.0,0.31825117816164633,0
EDMONSON,2012,2017,81589.0,84989.0,-4.000517714057113,0
ELLIOTT,2012,2017,54996.0,56336.0,-2.3785856290826466,0
ESTILL,2012,2017,53102.0,52286.0,1.5606472095780897,0
FAYETTE,2012,2017,114624.0,114857.0,-0.2028609488320259,0
FLEMING,2012,2017,171481.0,183198.0,-6.3958121813556925,0
FLOYD,2012,2017,9141.0,8160.0,12.022058823529411,0
FRANKLIN,2012,2017,74568.0,78536.0,-5.05246001833554,0
FULTON,2012,2017,97615.0,83382.0,17.069631335300183,0
GALLATIN,2012,2017,32510.0,27783.0,17.014001367742864,0
GARRARD,2012,2017,141016.0,127235.0,10.831139230557628,0
GRANT,2012,2017,96780.0,98372.0,-1.6183466840157767,0
GRAVES,2012,2017,251192.0,291813.0,-13.920216028758142,1
GRAYSON,2012,2017,212343.0,200895.0,5.698499216008362,0
GREEN,2012,2017,156259.0,152535.0,2.4414068902219164,0
GREENUP,2012,2017,73753.0,78632.0,-6.204852986061654,0
HANCOCK,2012,2017,47726.0,52195.0,-8.56212280869815,1
HARDIN,2012,2017,199201.0,202970.0,-1.8569246686702467,0
HARLAN,2012,2017,6748.0,6265.0,7.709497206703911,0
HARRISON,2012,2017,167635.0,164457.0,1.9324200246873042,0
HART,2012,2017,169771.0,182385.0,-6.916138936864326,1
HENDERSON,2012,2017,180644.0,175914.0,2.6888138522232454,0
HENRY,2012,2017,131006.0,128509.0,1.9430545720533192,0
HICKMAN,2012,2017,118474.0,141131.0,-16.05387902020109,1
HOPKINS,2012,2017,146376.0,162955.0,-10.173974410113223,1
JACKSON,2012,2017,75203.0,77803.0,-3.3417734534658043,0
JEFFERSON,2012,2017,20225.0,23088.0,-12.40038115038115,1
JESSAMINE,2012,2017,76259.0,83644.0,-8.829085170484435,1
JOHNSON,2012,2017,22007.0,24296.0,-9.421303918340469,1
KENTON,2012,2017,36731.0,38144.0,-3.704383389261745,0
KNOTT,2012,2017,12748.0,6743.0,89.05531662464779,0
KNOX,2012,2017,38722.0,33531.0,15.481196504726968,0
LARUE,2012,2017,110371.0,111975.0,-1.4324626032596561,0
LAUREL,2012,2017,89692.0,96054.0,-6.623357694630104,0
LAWRENCE,2012,2017,51216.0,41681.0,22.876130611069794,0
LEE,2012,2017,25073.0,22221.0,12.834705908824986,0
LESLIE,2012,2017,1649.0,,,0
LETCHER,2012,2017,5623.0,2876.0,95.51460361613351,0
LEWIS,2012,2017,117417.0,117955.0,-0.4561061421728625,0
LINCOLN,2012,2017,163249.0,180755.0,-9.684932643633648,1
LIVINGSTON,2012,2017,121680.0,123200.0,-1.2337662337662338,0
LOGAN,2012,2017,276309.0,275836.0,0.1714787047375977,0
LYON,2012,2017,32681.0,41638.0,-21.51159998078678,1
MADISON,2012,2017,229824.0,232801.0,-1.2787745757105855,0
MAGOFFIN,2012,2017,43788.0,44451.0,-1.4915299993250994,0
MARION,2012,2017,162949.0,166417.0,-2.0839217147286635,0
MARSHALL,2012,2017,84676.0,94879.0,-10.753696813836571,1
MARTIN,2012,2017,11039.0,,,0
MASON,2012,2017,132113.0,126722.0,4.2541942204195005,0
MCCRACKEN,2012,2017,62082.0,67192.0,-7.605072032384808,1
MCCREARY,2012,2017,18321.0,18093.0,1.2601558613828552,0
MCLEAN,2012,2017,129310.0,124379.0,3.9644956142114025,0
MEADE,2012,2017,141054.0,119495.0,18.04175906941713,0
MENIFEE,2012,2017,35362.0,40962.0,-13.671207460573214,1
MERCER,2012,2017,136446.0,144250.0,-5.410051993067591,0
METCALFE,2012,2017,138477.0,125293.0,10.522535177543837,0
MONROE,2012,2017,159857.0,172276.0,-7.208781257981379,1
MONTGOMERY,2012,2017,103033.0,99436.0,3.617402148115371,0
MORGAN,2012,2017,106529.0,118797.0,-10.32686010589493,1
MUHLENBERG,2012,2017,127522.0,128761.0,-0.9622478856175395,0
NELSON,2012,2017,213534.0,187755.0,13.73012702724295,0
NICHOLAS,2012,2017,92873.0,102192.0,-9.11910912791608,1
OHIO,2012,2017,157657.0,158244.0,-0.3709461338186598,0
OLDHAM,2012,2017,51467.0,60354.0,-14.724790403287273,1
OWEN,2012,2017,157396.0,131959.0,19.276441925143416,0
OWSLEY,2012,2017,29144.0,27560.0,5.747460087082729,0
PENDLETON,2012,2017,111314.0,101299.0,9.886573411386095,0
PERRY,2012,2017,16352.0,10953.0,49.29243129736145,0
PIKE,2012,2017,19478.0,13387.0,45.499365055651005,0
POWELL,2012,2017,27998.0,30055.0,-6.844119114955914,0
PULASKI,2012,2017,226188.0,228187.0,-0.8760358828504691,0
ROBERTSON,2012,2017,42256.0,38823.0,8.842696339798572,0
ROCKCASTLE,2012,2017,80706.0,90856.0,-11.171524170115347,1
ROWAN,2012,2017,39565.0,42255.0,-6.366110519465153,0
RUSSELL,2012,2017,92485.0,89357.0,3.50056514878521,0
SCOTT,2012,2017,130586.0,127479.0,2.4372641768448133,0
SHELBY,2012,2017,200875.0,199341.0,0.7695356198674632,0
SIMPSON,2012,2017,110864.0,101530.0,9.193341869398207,0
SPENCER,2012,2017,74197.0,69125.0,7.337432188065099,0
TAYLOR,2012,2017,111756.0,114568.0,-2.454437539277983,0
TODD,2012,2017,167953.0,181001.0,-7.208799951381484,1
TRIGG,2012,2017,122172.0,128997.0,-5.290820716760855,0
TRIMBLE,2012,2017,65954.0,55632.0,18.554069600230083,0
UNION,2012,2017,194630.0,194864.0,-0.12008375071844979,0
WARREN,2012,2017,262198.0,246708.0,6.278677626992233,0
WASHINGTON,2012,2017,161449.0,140948.0,14.545080455203339,0
WAYNE,2012,2017,96079.0,128683.0,-25.336680058749018,1
WEBSTER,2012,2017,162994.0,152431.0,6.929692779027888,0
WHITLEY,2012,2017,58983.0,58423.0,0.9585266076716361,0
WOLFE,2012,2017,33706.0,42454.0,-20.605832194846187,1
WOODFORD,2012,2017,112190.0,111917.0,0.24393077012428854,0
ADAIR,2017,2022,142751.0,172062.0,-17.035138496588438,1
ALLEN,2017,2022,136286.0,168697.0,-19.2125526832131,1
ANDERSON,2017,2022,59410.0,81868.0,-27.431963648800505,1
BALLARD,2017,2022,93696.0,94340.0,-0.6826372694509222,0
BARREN,2017,2022,230539.0,253834.0,-9.177257577787058,0
BATH,2017,2022,124643.0,127159.0,-1.9786251857910175,0
BELL,2017,2022,20545.0,15103.0,36.03257630934251,0
BOONE,2017,2022,71293.0,78754.0,-9.473804505167992,0
BOURBON,2017,2022,183749.0,170872.0,7.536050376890303,0
BOYD,2017,2022,23843.0,19470.0,22.46019517205958,0
BOYLE,2017,2022,96306.0,88642.0,8.646014304731391,0
BRACKEN,2017,2022,90102.0,86844.0,3.75155451153793,0
BREATHITT,2017,2022,33617.0,23196.0,44.92584928435937,0
BRECKINRIDGE,2017,2022,244558.0,275105.0,-11.103760382399447,0
BULLITT,2017,2022,29789.0,44420.0,-32.93786582620441,1
BUTLER,2017,2022,172711.0,146810.0,17.642531162727334,0
CALDWELL,2017,2022,122775.0,130160.0,-5.67378610940381,0
CALLOWAY,2017,2022,143172.0,135521.0,5.645619498085168,0
CAMPBELL,2017,2022,38744.0,46094.0,-15.945676226840805,1
CARLISLE,2017,2022,107565.0,88015.0,22.212122933590866,0
CARROLL,2017,2022,44115.0,50908.0,-13.343678793116995,0
CARTER,2017,2022,82568.0,91991.0,-10.2433933754389,0
CASEY,2017,2022,188753.0,179257.0,5.297422136931891,0
CHRISTIAN,2017,2022,345270.0,345581.0,-0.08999337347828729,0
CLARK,2017,2022,135849.0,147283.0,-7.763285647359165,0
CLAY,2017,2022,38581.0,44356.0,-13.019659121652088,0
CLINTON,2017,2022,56133.0,65153.0,-13.844335640722608,0
CRITTENDEN,2017,2022,133842.0,157946.0,-15.260911957251214,1
CUMBERLAND,2017,2022,92797.0,81568.0,13.766428010984699,0
DAVIESS,2017,2022,271336.0,237989.0,14.011992150897731,0
EDMONSON,2017,2022,86574.0,81589.0,6.109892264888649,0
ELLIOTT,2017,2022,41226.0,54996.0,-25.03818459524329,1
ESTILL,2017,2022,49684.0,53102.0,-6.436669052013107,0
FAYETTE,2017,2022,124247.0,114624.0,8.395274986041318,0
FLEMING,2017,2022,157806.0,171481.0,-7.974644421247835,0
FLOYD,2017,2022,6898.0,9141.0,-24.537796739962804,1
FRANKLIN,2017,2022,63623.0,74568.0,-14.677877910095482,0
FULTON,2017,2022,91864.0,97615.0,-5.891512574911642,0
GALLATIN,2017,2022,26928.0,32510.0,-17.170101507228544,1
GARRARD,2017,2022,108923.0,141016.0,-22.758410393146878,1
GRANT,2017,2022,84737.0,96780.0,-12.443686712130605,0
GRAVES,2017,2022,255830.0,251192.0,1.846396382050384,0
GRAYSON,2017,2022,232159.0,212343.0,9.33207122438696,0
GREEN,2017,2022,145130.0,156259.0,-7.122149764173584,0
GREENUP,2017,2022,72288.0,73753.0,-1.986359876886364,0
HANCOCK,2017,2022,48270.0,47726.0,1.1398399195407116,0
HARDIN,2017,2022,188728.0,199201.0,-5.257503727390927,0
HARLAN,2017,2022,10233.0,6748.0,51.64493183165383,0
HARRISON,2017,2022,164233.0,167635.0,-2.0294091329376327,0
HART,2017,2022,169858.0,169771.0,0.051245501292918105,0
HENDERSON,2017,2022,180679.0,180644.0,0.019375124554372136,0
HENRY,2017,2022,126077.0,131006.0,-3.762423095125414,0
HICKMAN,2017,2022,111590.0,118474.0,-5.810557590695005,0
HOPKINS,2017,2022,219888.0,146376.0,50.22134776192818,0
JACKSON,2017,2022,77791.0,75203.0,3.4413520737204633,0
JEFFERSON,2017,2022,13266.0,20225.0,-34.407911001236094,1
JESSAMINE,2017,2022,71771.0,76259.0,-5.885206991961605,0
JOHNSON,2017,2022,24320.0,22007.0,10.510292179760986,0
KENTON,2017,2022,28810.0,36731.0,-21.56489069178623,1
KNOTT,2017,2022,9659.0,12748.0,-24.231251961091935,1
KNOX,2017,2022,32034.0,38722.0,-17.271835132482828,1
LARUE,2017,2022,111006.0,110371.0,0.5753322883728516,0
LAUREL,2017,2022,79761.0,89692.0,-11.07233644026223,0
LAWRENCE,2017,2022,54526.0,51216.0,6.462824117463292,0
LEE,2017,2022,29469.0,25073.0,17.53280421170183,0
LESLIE,2017,2022,26893.0,1649.0,1530.8671922377198,0
LETCHER,2017,2022,4912.0,5623.0,-12.644495820736262,0
LEWIS,2017,2022,123357.0,117417.0,5.0588926646056365,0
LINCOLN,2017,2022,147519.0,163249.0,-9.63558735428701,0
LIVINGSTON,2017,2022,144892.0,121680.0,19.076265614727152,0
LOGAN,2017,2022,266727.0,276309.0,-3.467856638763124,0
LYON,2017,2022,35222.0,32681.0,7.775159878828678,0
MADISON,2017,2022,191746.0,229824.0,-16.568330548593707,1
MAGOFFIN,2017,2022,59378.0,43788.0,35.60336165159404,0
MARION,2017,2022,168205.0,162949.0,3.2255490981840946,0
MARSHALL,2017,2022,89160.0,84676.0,5.295479238509141,0
MARTIN,2017,2022,9488.0,11039.0,-14.050185705226923,0
MASON,2017,2022,98439.0,132113.0,-25.488786114916778,1
MCCRACKEN,2017,2022,59709.0,62082.0,-3.8223639702329177,0
MCCREARY,2017,2022,17956.0,18321.0,-1.9922493313683751,0
MCLEAN,2017,2022,113120.0,129310.0,-12.520300054133477,0
MEADE,2017,2022,126388.0,141054.0,-10.397436442780778,0
MENIFEE,2017,2022,24724.0,35362.0,-30.08314009388609,1
MERCER,2017,2022,142272.0,136446.0,4.269821028099028,0
METCALFE,2017,2022,124964.0,138477.0,-9.758299212143532,0
MONROE,2017,2022,148753.0,159857.0,-6.946208173555115,0
MONTGOMERY,2017,2022,67199.0,103033.0,-34.77914842817349,1
MORGAN,2017,2022,90351.0,106529.0,-15.18647504435412,1
MUHLENBERG,2017,2022,129431.0,127522.0,1.4969965966656733,0
NELSON,2017,2022,157488.0,213534.0,-26.246874034111663,1
NICHOLAS,2017,2022,76674.0,92873.0,-17.4420983493588,1
OHIO,2017,2022,138638.0,157657.0,-12.063530322155058,0
OLDHAM,2017,2022,55910.0,51467.0,8.632716109351623,0
OWEN,2017,2022,136342.0,157396.0,-13.376451752268165,0
OWSLEY,2017,2022,21686.0,29144.0,-25.59017293439473,1
PENDLETON,2017,2022,91304.0,111314.0,-17.976175503530552,1
PERRY,2017,2022,13549.0,16352.0,-17.141634050880626,1
PIKE,2017,2022,19397.0,19478.0,-0.41585378375603244,0
POWELL,2017,2022,26880.0,27998.0,-3.9931423673119504,0
PULASKI,2017,2022,200962.0,226188.0,-11.152669460802517,0
ROBERTSON,2017,2022,24757.0,42256.0,-41.41187050359712,1
ROCKCASTLE,2017,2022,90816.0,80706.0,12.526949669169579,0
ROWAN,2017,2022,35111.0,39565.0,-11.25742449134336,0
RUSSELL,2017,2022,99006.0,92485.0,7.050873114559118,0
SCOTT,2017,2022,114772.0,130586.0,-12.110027108572128,0
SHELBY,2017,2022,160081.0,200875.0,-20.30815183571873,1
SIMPSON,2017,2022,109458.0,110864.0,-1.2682205224419107,0
SPENCER,2017,2022,58547.0,74197.0,-21.092497001226466,1
TAYLOR,2017,2022,89598.0,111756.0,-19.827123375926124,1
TODD,2017,2022,187183.0,167953.0,11.449631742213596,0
TRIGG,2017,2022,100908.0,122172.0,-17.404970042235536,1
TRIMBLE,2017,2022,51335.0,65954.0,-22.165448646026018,1
UNION,2017,2022,219151.0,194630.0,12.598777166932127,0
WARREN,2017,2022,234924.0,262198.0,-10.40206256340628,0
WASHINGTON,2017,2022,148205.0,161449.0,-8.203209682314538,0
WAYNE,2017,2022,114107.0,96079.0,18.763725684072483,0
WEBSTER,2017,2022,184753.0,162994.0,13.349571149858278,0
WHITLEY,2017,2022,62190.0,58983.0,5.437159859620569,0
WOLFE,2017,2022,37779.0,33706.0,12.083901975909333,0
WOODFORD,2017,2022,103650.0,112190.0,-7.612086638737855,0
